title,artist,collected_date,revenue,total_streams,type,content_name,view,like_cnt,comment
그대라는 시,태연 (TAEYEON),2025-04-01,18.8509999999999,122926,,,,,
그대라는 시,태연 (TAEYEON),2025-04-02,30.7739999999999,149659,,,,,
그대라는 시,태연 (TAEYEON),2025-04-03,21.6339999999999,162614,,,,,
그대라는 시,태연 (TAEYEON),2025-04-04,21.4589999999999,189179,,,,,
그대라는 시,태연 (TAEYEON),2025-04-05,20.7999999999999,158073,,,,,
그대라는 시,태연 (TAEYEON),2025-04-06,22.1759999999999,129498,,,,,
그대라는 시,태연 (TAEYEON),2025-04-07,78.1100000000001,122207,,,,,
그대라는 시,태연 (TAEYEON),2025-04-08,144.355,116841,,,,,
그대라는 시,태연 (TAEYEON),2025-04-09,150.693,118029,,,,,
그대라는 시,태연 (TAEYEON),2025-04-10,171.315,119608,,,,,
그대라는 시,태연 (TAEYEON),2025-04-11,186.387,124951,,,,,
그대라는 시,태연 (TAEYEON),2025-04-12,196.850000000001,128773,,,,,
그대라는 시,태연 (TAEYEON),2025-04-13,238.874000000001,129687,,,,,
그대라는 시,태연 (TAEYEON),2025-04-14,255.753,139556,,,,,
그대라는 시,태연 (TAEYEON),2025-04-15,271.438,146500,,,,,
그대라는 시,태연 (TAEYEON),2025-04-16,261.074,143610,,,,,
그대라는 시,태연 (TAEYEON),2025-04-17,276.431,143827,,,,,
그대라는 시,태연 (TAEYEON),2025-04-18,251.921,141117,,,,,
그대라는 시,태연 (TAEYEON),2025-04-19,204.895,128892,수급,음색 깡패 고등학생의 축가,80800.0,3884.0,8.0
그대라는 시,태연 (TAEYEON),2025-04-20,221.603,134352,,,,,
그대라는 시,태연 (TAEYEON),2025-04-21,238.542,140769,,,,,
그대라는 시,태연 (TAEYEON),2025-04-22,220.019,133533,,,,,
그대라는 시,태연 (TAEYEON),2025-04-23,212.883,124943,,,,,
그대라는 시,태연 (TAEYEON),2025-04-24,218.39,129573,,,,,
그대라는 시,태연 (TAEYEON),2025-04-25,243.33,147994,,,,,
그대라는 시,태연 (TAEYEON),2025-04-26,231.609,142186,,,,,
그대라는 시,태연 (TAEYEON),2025-04-27,276.762,142368,,,,,
그대라는 시,태연 (TAEYEON),2025-04-28,308.581,156283,,,,,
그대라는 시,태연 (TAEYEON),2025-04-29,307.688,157859,,,,,
그대라는 시,태연 (TAEYEON),2025-04-30,293.241,136036,,,,,
그대라는 시,태연 (TAEYEON),2025-05-01,284.486,137380,,,,,
그대라는 시,태연 (TAEYEON),2025-05-02,287.063,139934,,,,,
그대라는 시,태연 (TAEYEON),2025-05-03,264.666999999999,130315,,,,,
그대라는 시,태연 (TAEYEON),2025-05-04,262.408,129410,,,,,
그대라는 시,태연 (TAEYEON),2025-05-05,278.036,132494,,,,,
그대라는 시,태연 (TAEYEON),2025-05-06,239.776,130866,,,,,
그대라는 시,태연 (TAEYEON),2025-05-07,241.362,128555,,,,,
그대라는 시,태연 (TAEYEON),2025-05-08,264.738,138015,,,,,
그대라는 시,태연 (TAEYEON),2025-05-09,251.842,144039,,,,,
그대라는 시,태연 (TAEYEON),2025-05-10,238.678,140421,,,,,
그대라는 시,태연 (TAEYEON),2025-05-11,243.06,147820,,,,,
그대라는 시,태연 (TAEYEON),2025-05-12,239.284,152853,,,,,
그대라는 시,태연 (TAEYEON),2025-05-13,267.13,167735,,,,,
그대라는 시,태연 (TAEYEON),2025-05-14,322.245999999998,194493,,,,,
그대라는 시,태연 (TAEYEON),2025-05-15,324.017,210158,,,,,
그대라는 시,태연 (TAEYEON),2025-05-16,259.62,211447,,,,,
그대라는 시,태연 (TAEYEON),2025-05-17,296.113,213884,,,,,
그대라는 시,태연 (TAEYEON),2025-05-18,324.434,218518,,,,,
그대라는 시,태연 (TAEYEON),2025-05-19,294.175,214353,,,,,
그대라는 시,태연 (TAEYEON),2025-05-20,326.015,221763,,,,,
그대라는 시,태연 (TAEYEON),2025-05-21,389.250999999997,224620,,,,,
그대라는 시,태연 (TAEYEON),2025-05-22,357.824,227675,,,,,
그대라는 시,태연 (TAEYEON),2025-05-23,369.762999999999,203460,,,,,
그대라는 시,태연 (TAEYEON),2025-05-24,321.638,184645,,,,,
그대라는 시,태연 (TAEYEON),2025-05-25,324.836,167645,,,,,
그대라는 시,태연 (TAEYEON),2025-05-26,318.716,168187,,,,,
그대라는 시,태연 (TAEYEON),2025-05-27,361.588999999999,165740,,,,,
그대라는 시,태연 (TAEYEON),2025-05-28,343.811999999998,161108,,,,,
그대라는 시,태연 (TAEYEON),2025-05-29,327.657999999999,156837,,,,,
그대라는 시,태연 (TAEYEON),2025-05-30,329.654,163828,,,,,
그대라는 시,태연 (TAEYEON),2025-05-31,305.095999999999,158980,,,,,
그대라는 시,태연 (TAEYEON),2025-06-01,348.541999999999,156710,,,,,
그대라는 시,태연 (TAEYEON),2025-06-02,352.239,157181,,,,,
그대라는 시,태연 (TAEYEON),2025-06-03,353.044,149747,,,,,
그대라는 시,태연 (TAEYEON),2025-06-04,449.250999999998,175208,,,,,
그대라는 시,태연 (TAEYEON),2025-06-05,508.658999999999,190735,,,,,
그대라는 시,태연 (TAEYEON),2025-06-06,465.133,170370,,,,,
그대라는 시,태연 (TAEYEON),2025-06-07,524.715999999998,173848,,,,,
그대라는 시,태연 (TAEYEON),2025-06-08,734.161999999993,217047,,,,,
그대라는 시,태연 (TAEYEON),2025-06-09,587.955999999998,200786,,,,,
그대라는 시,태연 (TAEYEON),2025-06-10,579.362999999993,194857,,,,,
그대라는 시,태연 (TAEYEON),2025-06-11,644.125999999996,217868,,,,,
그대라는 시,태연 (TAEYEON),2025-06-12,601.634999999997,221125,,,,,
그대라는 시,태연 (TAEYEON),2025-06-13,531.200999999997,206237,,,,,
그대라는 시,태연 (TAEYEON),2025-06-14,553.845999999997,203941,,,,,
그대라는 시,태연 (TAEYEON),2025-06-15,617.802999999996,220908,,,,,
그대라는 시,태연 (TAEYEON),2025-06-16,481.972999999998,205969,,,,,
그대라는 시,태연 (TAEYEON),2025-06-17,422.875999999999,208190,,,,,
그대라는 시,태연 (TAEYEON),2025-06-18,399.814999999999,208342,,,,,
그대라는 시,태연 (TAEYEON),2025-06-19,384.931,215253,,,,,
그대라는 시,태연 (TAEYEON),2025-06-20,361.607,207329,,,,,
그대라는 시,태연 (TAEYEON),2025-06-21,315.73,176578,,,,,
그대라는 시,태연 (TAEYEON),2025-06-22,366.306,180258,,,,,
그대라는 시,태연 (TAEYEON),2025-06-23,337.738,166933,,,,,
그대라는 시,태연 (TAEYEON),2025-06-24,325.129999999999,170485,,,,,
그대라는 시,태연 (TAEYEON),2025-06-25,288.568,158359,,,,,
그대라는 시,태연 (TAEYEON),2025-06-26,255.185,150347,,,,,
그대라는 시,태연 (TAEYEON),2025-06-27,256.134000000001,144965,,,,,
그대라는 시,태연 (TAEYEON),2025-06-28,261.523,139686,,,,,
그대라는 시,태연 (TAEYEON),2025-06-29,240.759,133302,,,,,
그대라는 시,태연 (TAEYEON),2025-06-30,240.099,134312,,,,,
그대라는 시,태연 (TAEYEON),2025-07-01,234.83,131009,,,,,
그대라는 시,태연 (TAEYEON),2025-07-02,247.020000000001,133441,,,,,
그대라는 시,태연 (TAEYEON),2025-07-03,264.335,142456,,,,,
그대라는 시,태연 (TAEYEON),2025-07-04,250.079,140673,,,,,
그대라는 시,태연 (TAEYEON),2025-07-05,280.864,137442,,,,,
그대라는 시,태연 (TAEYEON),2025-07-06,268.695,135411,,,,,
그대라는 시,태연 (TAEYEON),2025-07-07,246.345999999999,304328,,,,,
그대라는 시,태연 (TAEYEON),2025-07-08,253.908999999999,482257,,,,,
그대라는 시,태연 (TAEYEON),2025-07-09,266.433,425399,,,,,
그대라는 시,태연 (TAEYEON),2025-07-10,254.462,250271,,,,,
그대라는 시,태연 (TAEYEON),2025-07-11,213.399,187186,,,,,
그대라는 시,태연 (TAEYEON),2025-07-12,193.515,177299,,,,,
그대라는 시,태연 (TAEYEON),2025-07-13,206.153,200823,,,,,
그대라는 시,태연 (TAEYEON),2025-07-14,217.038,187030,,,,,
그대라는 시,태연 (TAEYEON),2025-07-15,197.394,159068,,,,,
그대라는 시,태연 (TAEYEON),2025-07-16,220.22,144245,,,,,
그대라는 시,태연 (TAEYEON),2025-07-17,260.807,149213,,,,,
그대라는 시,태연 (TAEYEON),2025-07-18,226.784,141362,,,,,
그대라는 시,태연 (TAEYEON),2025-07-19,184.788,133003,,,,,
그대라는 시,태연 (TAEYEON),2025-07-20,201.578,148176,,,,,
그대라는 시,태연 (TAEYEON),2025-07-21,216.748,155051,,,,,
그대라는 시,태연 (TAEYEON),2025-07-22,213.907,151160,,,,,
그대라는 시,태연 (TAEYEON),2025-07-23,217.648,135667,,,,,
그대라는 시,태연 (TAEYEON),2025-07-24,222.916,143627,,,,,
그대라는 시,태연 (TAEYEON),2025-07-25,211.025,127021,,,,,
그대라는 시,태연 (TAEYEON),2025-07-26,202.449,115236,,,,,
그대라는 시,태연 (TAEYEON),2025-07-27,197.687999999999,118294,,,,,
그대라는 시,태연 (TAEYEON),2025-07-28,218.777,123832,,,,,
그대라는 시,태연 (TAEYEON),2025-07-29,228.68,123819,,,,,
그대라는 시,태연 (TAEYEON),2025-07-30,234.368,122944,,,,,
그대라는 시,태연 (TAEYEON),2025-07-31,218.755,136025,,,,,
그대라는 시,태연 (TAEYEON),2025-08-01,196.161,117385,,,,,
그대라는 시,태연 (TAEYEON),2025-08-02,225.602,121410,,,,,
그대라는 시,태연 (TAEYEON),2025-08-03,232.234,135109,,,,,
그대라는 시,태연 (TAEYEON),2025-08-04,225.789,129040,오리지널,이런게 여름이면 1년 내내도 하죠,42000.0,3316.0,9.0
그대라는 시,태연 (TAEYEON),2025-08-05,215.047,122001,,,,,
그대라는 시,태연 (TAEYEON),2025-08-06,218.257,135520,,,,,
그대라는 시,태연 (TAEYEON),2025-08-07,212.126,125156,,,,,
그대라는 시,태연 (TAEYEON),2025-08-08,225.913,134712,,,,,
그대라는 시,태연 (TAEYEON),2025-08-09,223.912,128925,,,,,
그대라는 시,태연 (TAEYEON),2025-08-10,233.818,121797,,,,,
그대라는 시,태연 (TAEYEON),2025-08-11,257.671,141114,,,,,
그대라는 시,태연 (TAEYEON),2025-08-12,251.151,136530,,,,,
그대라는 시,태연 (TAEYEON),2025-08-13,233.279999999999,155785,,,,,
그대라는 시,태연 (TAEYEON),2025-08-14,226.22,141872,,,,,
그대라는 시,태연 (TAEYEON),2025-08-15,234.579999999999,139643,,,,,
그대라는 시,태연 (TAEYEON),2025-08-16,229.437999999999,126434,,,,,
그대라는 시,태연 (TAEYEON),2025-08-17,211.725,118991,,,,,
그대라는 시,태연 (TAEYEON),2025-08-18,208.588,118890,,,,,
그대라는 시,태연 (TAEYEON),2025-08-19,202.255,120144,,,,,
그대라는 시,태연 (TAEYEON),2025-08-20,212.965,122701,,,,,
그대라는 시,태연 (TAEYEON),2025-08-21,198.596,128747,,,,,
그대라는 시,태연 (TAEYEON),2025-08-22,176.939999999999,120187,,,,,
그대라는 시,태연 (TAEYEON),2025-08-23,169.547,110644,,,,,
그대라는 시,태연 (TAEYEON),2025-08-24,177.858,112094,,,,,
그대라는 시,태연 (TAEYEON),2025-08-25,170.507,110941,,,,,
그대라는 시,태연 (TAEYEON),2025-08-26,166.893,112603,,,,,
그대라는 시,태연 (TAEYEON),2025-08-27,174.97,172313,,,,,
그대라는 시,태연 (TAEYEON),2025-08-28,167.494999999999,138245,,,,,
그대라는 시,태연 (TAEYEON),2025-08-29,164.032,147080,,,,,
그대라는 시,태연 (TAEYEON),2025-08-30,161.273,133986,,,,,
그대라는 시,태연 (TAEYEON),2025-08-31,167.281,117065,,,,,
그대라는 시,태연 (TAEYEON),2025-09-01,172.438,126340,,,,,
그대라는 시,태연 (TAEYEON),2025-09-02,181.894,119314,,,,,
그대라는 시,태연 (TAEYEON),2025-09-03,194.444,143386,,,,,
그대라는 시,태연 (TAEYEON),2025-09-04,190.542,131049,,,,,
그대라는 시,태연 (TAEYEON),2025-09-05,182.352,122455,,,,,
그대라는 시,태연 (TAEYEON),2025-09-06,181.264,118584,,,,,
그대라는 시,태연 (TAEYEON),2025-09-07,189.495,115340,,,,,
그대라는 시,태연 (TAEYEON),2025-09-08,197.066999999999,116409,,,,,
그대라는 시,태연 (TAEYEON),2025-09-09,205.048,121290,,,,,
그대라는 시,태연 (TAEYEON),2025-09-10,198.101,120014,,,,,
그대라는 시,태연 (TAEYEON),2025-09-11,221.681,128186,,,,,
그대라는 시,태연 (TAEYEON),2025-09-12,226.274,128377,,,,,
그대라는 시,태연 (TAEYEON),2025-09-13,196.986,116096,,,,,
그대라는 시,태연 (TAEYEON),2025-09-14,202.304,120361,,,,,
그대라는 시,태연 (TAEYEON),2025-09-15,203.508,119700,,,,,
그대라는 시,태연 (TAEYEON),2025-09-16,212.679999999999,123986,,,,,
그대라는 시,태연 (TAEYEON),2025-09-17,222.738,122559,,,,,
그대라는 시,태연 (TAEYEON),2025-09-18,222.897,124416,,,,,
그대라는 시,태연 (TAEYEON),2025-09-19,201.248,122865,,,,,
그대라는 시,태연 (TAEYEON),2025-09-20,200.89,118592,,,,,
그대라는 시,태연 (TAEYEON),2025-09-21,302.648000000001,141316,,,,,
그대라는 시,태연 (TAEYEON),2025-09-22,240.164,124376,,,,,
그대라는 시,태연 (TAEYEON),2025-09-23,220.58,148680,,,,,
그대라는 시,태연 (TAEYEON),2025-09-24,211.097999999999,139437,,,,,
그대라는 시,태연 (TAEYEON),2025-09-25,220.311,124025,,,,,
그대라는 시,태연 (TAEYEON),2025-09-26,217.427,126796,,,,,
그대라는 시,태연 (TAEYEON),2025-09-27,211.46,125633,,,,,
그대라는 시,태연 (TAEYEON),2025-09-28,231.091999999999,133280,,,,,
그대라는 시,태연 (TAEYEON),2025-09-29,229.213999999999,125571,,,,,
그대라는 시,태연 (TAEYEON),2025-09-30,221.875999999999,132506,,,,,
그대라는 시,태연 (TAEYEON),2025-10-01,201.531,129141,,,,,
그대라는 시,태연 (TAEYEON),2025-10-02,188.366,185931,,,,,
그대라는 시,태연 (TAEYEON),2025-10-03,209.024,181904,,,,,
그대라는 시,태연 (TAEYEON),2025-10-04,221.307,140678,,,,,
그대라는 시,태연 (TAEYEON),2025-10-05,213.18,128893,,,,,
그대라는 시,태연 (TAEYEON),2025-10-06,218.965,122872,,,,,
그대라는 시,태연 (TAEYEON),2025-10-07,215.784000000001,123322,,,,,
그대라는 시,태연 (TAEYEON),2025-10-08,199.766999999999,117912,,,,,
그대라는 시,태연 (TAEYEON),2025-10-09,207.527,121224,,,,,
그대라는 시,태연 (TAEYEON),2025-10-10,270.188,133814,,,,,
그대라는 시,태연 (TAEYEON),2025-10-11,243.446,124529,,,,,
그대라는 시,태연 (TAEYEON),2025-10-12,234.074,123152,,,,,
그대라는 시,태연 (TAEYEON),2025-10-13,202.629999999999,113576,,,,,
그대라는 시,태연 (TAEYEON),2025-10-14,208.45,115558,,,,,
그대라는 시,태연 (TAEYEON),2025-10-15,233.314,125836,,,,,
그대라는 시,태연 (TAEYEON),2025-10-16,244.868,150624,,,,,
그대라는 시,태연 (TAEYEON),2025-10-17,234.239,144080,,,,,
그대라는 시,태연 (TAEYEON),2025-10-18,241.897999999999,137901,,,,,
그대라는 시,태연 (TAEYEON),2025-10-19,240.598,135430,,,,,
그대라는 시,태연 (TAEYEON),2025-10-20,220.713,126659,,,,,
그대라는 시,태연 (TAEYEON),2025-10-21,222.072,132774,,,,,
그대라는 시,태연 (TAEYEON),2025-10-22,222.459,126304,,,,,
그대라는 시,태연 (TAEYEON),2025-10-23,220.799999999999,121578,,,,,
그대라는 시,태연 (TAEYEON),2025-10-24,209.114999999999,115131,,,,,
그대라는 시,태연 (TAEYEON),2025-10-25,222.591000000001,114456,,,,,
그대라는 시,태연 (TAEYEON),2025-10-26,237.592999999999,125034,,,,,
그대라는 시,태연 (TAEYEON),2025-10-27,229.402,119106,,,,,
그대라는 시,태연 (TAEYEON),2025-10-28,230.014,126418,,,,,
그대라는 시,태연 (TAEYEON),2025-10-29,225.846999999999,114781,,,,,
그대라는 시,태연 (TAEYEON),2025-10-30,215.555,110791,,,,,
그대라는 시,태연 (TAEYEON),2025-10-31,177.795,105875,,,,,
그대라는 시,태연 (TAEYEON),2025-11-01,200.492,110403,,,,,
그대라는 시,태연 (TAEYEON),2025-11-02,224.972,132069,,,,,
그대라는 시,태연 (TAEYEON),2025-11-03,221.726,128257,,,,,
그대라는 시,태연 (TAEYEON),2025-11-04,227.232,129094,,,,,
그대라는 시,태연 (TAEYEON),2025-11-05,251.467,130700,,,,,
그대라는 시,태연 (TAEYEON),2025-11-06,212.557,119690,,,,,
그대라는 시,태연 (TAEYEON),2025-11-07,198.548,117389,,,,,
그대라는 시,태연 (TAEYEON),2025-11-08,198.584,127889,,,,,
그대라는 시,태연 (TAEYEON),2025-11-09,207.946999999999,130780,,,,,
그대라는 시,태연 (TAEYEON),2025-11-10,225.67,120317,,,,,
그대라는 시,태연 (TAEYEON),2025-11-11,231.403999999999,119595,,,,,
그대라는 시,태연 (TAEYEON),2025-11-12,226.994,118093,,,,,
그대라는 시,태연 (TAEYEON),2025-11-13,215.203,133419,,,,,
그대라는 시,태연 (TAEYEON),2025-11-14,201.636,119769,,,,,
그대라는 시,태연 (TAEYEON),2025-11-15,199.509999999999,113629,,,,,
그대라는 시,태연 (TAEYEON),2025-11-16,218.653,115797,,,,,
그대라는 시,태연 (TAEYEON),2025-11-17,214.327,121300,,,,,
그대라는 시,태연 (TAEYEON),2025-11-18,203.825,126541,,,,,
그대라는 시,태연 (TAEYEON),2025-11-19,219.578999999999,122166,,,,,
그대라는 시,태연 (TAEYEON),2025-11-20,214.012,120226,,,,,
그대라는 시,태연 (TAEYEON),2025-11-21,196.836,125430,,,,,
그대라는 시,태연 (TAEYEON),2025-11-22,197.709999999999,125508,,,,,
그대라는 시,태연 (TAEYEON),2025-11-23,210.278,127886,,,,,
그대라는 시,태연 (TAEYEON),2025-11-24,224.974,131600,,,,,
그대라는 시,태연 (TAEYEON),2025-11-25,238.761,133801,,,,,
그대라는 시,태연 (TAEYEON),2025-11-26,237.566,131908,,,,,
그대라는 시,태연 (TAEYEON),2025-11-27,234.833,129547,,,,,
그대라는 시,태연 (TAEYEON),2025-11-28,219.444,128003,,,,,
그대라는 시,태연 (TAEYEON),2025-11-29,219.903,136987,,,,,
그대라는 시,태연 (TAEYEON),2025-11-30,238.047,126212,,,,,
그대라는 시,태연 (TAEYEON),2025-12-01,224.800999999999,131609,,,,,
그대라는 시,태연 (TAEYEON),2025-12-02,224.705,129736,수급,흔한 고1 여고생 라이브,14600.0,578.0,5.0
그대라는 시,태연 (TAEYEON),2025-12-03,212.915999999999,123930,,,,,
그대라는 시,태연 (TAEYEON),2025-12-04,215.781999999999,121579,,,,,
그대라는 시,태연 (TAEYEON),2025-12-05,208.59,118643,,,,,
그대라는 시,태연 (TAEYEON),2025-12-06,210.804,202238,,,,,
그대라는 시,태연 (TAEYEON),2025-12-07,238.938999999999,186362,,,,,
그대라는 시,태연 (TAEYEON),2025-12-08,228.693,184246,,,,,
그대라는 시,태연 (TAEYEON),2025-12-09,222.274,158744,수급,겨울 눈꽃을 닮은 고딩 음색,13400.0,382.0,0.0
그대라는 시,태연 (TAEYEON),2025-12-10,229.688,134754,,,,,
그대라는 시,태연 (TAEYEON),2025-12-11,228.355,132332,,,,,
그대라는 시,태연 (TAEYEON),2025-12-12,219.176,121728,,,,,
그대라는 시,태연 (TAEYEON),2025-12-13,223.383,113820,수급,축제에 나타난 음색 요정,83600.0,2943.0,3.0
그대라는 시,태연 (TAEYEON),2025-12-14,225.659,123487,,,,,
그대라는 시,태연 (TAEYEON),2025-12-15,225.117,127960,,,,,
그대라는 시,태연 (TAEYEON),2025-12-16,220.425,134247,,,,,
그대라는 시,태연 (TAEYEON),2025-12-17,219.264,128729,,,,,
그대라는 시,태연 (TAEYEON),2025-12-18,215.184,117228,,,,,
그대라는 시,태연 (TAEYEON),2025-12-19,209.018000000001,113043,,,,,
그대라는 시,태연 (TAEYEON),2025-12-20,211.34,110220,,,,,
그대라는 시,태연 (TAEYEON),2025-12-21,234.122999999999,118008,,,,,
그대라는 시,태연 (TAEYEON),2025-12-22,239.263,123286,,,,,
그대라는 시,태연 (TAEYEON),2025-12-23,243.287,131646,수급,중1이 부르는 겨울 아련송,24200.0,578.0,7.0
그대라는 시,태연 (TAEYEON),2025-12-24,204.629,114437,,,,,
그대라는 시,태연 (TAEYEON),2025-12-25,229.228,117607,,,,,
그대라는 시,태연 (TAEYEON),2025-12-26,237.719,133146,,,,,
그대라는 시,태연 (TAEYEON),2025-12-27,256.047,136263,,,,,
그대라는 시,태연 (TAEYEON),2025-12-28,275.198999999999,145631,,,,,
그대라는 시,태연 (TAEYEON),2025-12-29,278.325,150716,,,,,
그대라는 시,태연 (TAEYEON),2025-12-30,258.675,136340,,,,,
그대라는 시,태연 (TAEYEON),2025-12-31,208.723,121414,,,,,
그대라는 시,태연 (TAEYEON),2026-01-01,214.585,121165,,,,,
그대라는 시,태연 (TAEYEON),2026-01-02,197.635,124264,,,,,
그대라는 시,태연 (TAEYEON),2026-01-03,195.376,116991,,,,,
그대라는 시,태연 (TAEYEON),2026-01-04,215.643,145358,,,,,
그대라는 시,태연 (TAEYEON),2026-01-05,216.006,129959,,,,,
그대라는 시,태연 (TAEYEON),2026-01-06,218.928,132029,,,,,
그대라는 시,태연 (TAEYEON),2026-01-07,209.301,123908,,,,,
그대라는 시,태연 (TAEYEON),2026-01-08,212.706,130351,,,,,
그대라는 시,태연 (TAEYEON),2026-01-09,188.672,133702,,,,,
그대라는 시,태연 (TAEYEON),2026-01-10,172.918,119906,,,,,
그대라는 시,태연 (TAEYEON),2026-01-11,179.265,127476,,,,,
그대라는 시,태연 (TAEYEON),2026-01-12,181.987,134975,,,,,
그대라는 시,태연 (TAEYEON),2026-01-13,188.465,129588,,,,,
그대라는 시,태연 (TAEYEON),2026-01-14,192.353,128008,,,,,
그대라는 시,태연 (TAEYEON),2026-01-15,189.878,134300,,,,,
그대라는 시,태연 (TAEYEON),2026-01-16,173.844,132286,,,,,
그대라는 시,태연 (TAEYEON),2026-01-17,177.005999999999,126709,,,,,
그대라는 시,태연 (TAEYEON),2026-01-18,187.927999999999,159104,,,,,
그대라는 시,태연 (TAEYEON),2026-01-19,191.496,153241,,,,,
그대라는 시,태연 (TAEYEON),2026-01-20,200.078,140383,,,,,
그대라는 시,태연 (TAEYEON),2026-01-21,215.893,139162,,,,,
그대라는 시,태연 (TAEYEON),2026-01-22,215.987,134887,,,,,
그대라는 시,태연 (TAEYEON),2026-01-23,217.135,136804,,,,,
그대라는 시,태연 (TAEYEON),2026-01-24,232.993,125069,,,,,
그대라는 시,태연 (TAEYEON),2026-01-25,237.519,131406,,,,,
그대라는 시,태연 (TAEYEON),2026-01-26,217.476,183404,,,,,
그대라는 시,태연 (TAEYEON),2026-01-27,216.609,453642,,,,,
그대라는 시,태연 (TAEYEON),2026-01-28,212.296,301345,,,,,
그대라는 시,태연 (TAEYEON),2026-01-29,204.676999999999,205484,,,,,
그대라는 시,태연 (TAEYEON),2026-01-30,207.532,184834,,,,,
그대라는 시,태연 (TAEYEON),2026-01-31,211.360999999999,140995,,,,,
그대라는 시,태연 (TAEYEON),2026-02-01,216.576,150915,,,,,
그대라는 시,태연 (TAEYEON),2026-02-02,232.999,164383,,,,,
그대라는 시,태연 (TAEYEON),2026-02-03,229.364,153364,,,,,
그대라는 시,태연 (TAEYEON),2026-02-04,226.775,144694,,,,,
그대라는 시,태연 (TAEYEON),2026-02-05,215.59,140655,,,,,
그대라는 시,태연 (TAEYEON),2026-02-07,211.691,137670,,,,,
그대라는 시,태연 (TAEYEON),2026-02-08,220.233999999999,139119,,,,,
그대라는 시,태연 (TAEYEON),2026-02-09,218.212999999999,137334,,,,,
그대라는 시,태연 (TAEYEON),2026-02-10,240.445999999999,142765,,,,,
그대라는 시,태연 (TAEYEON),2026-02-11,295.853,164185,,,,,
그대라는 시,태연 (TAEYEON),2026-02-12,223.636,132544,,,,,
그대라는 시,태연 (TAEYEON),2026-02-13,188.611,128245,,,,,
그대라는 시,태연 (TAEYEON),2026-02-15,184.426,119857,,,,,
그대라는 시,태연 (TAEYEON),2026-02-16,167.017,109925,,,,,
그대라는 시,태연 (TAEYEON),2026-02-17,165.628,106756,,,,,
그대라는 시,태연 (TAEYEON),2026-02-18,175.926,132138,,,,,
그대라는 시,태연 (TAEYEON),2026-02-19,167.711,115101,,,,,
그대라는 시,태연 (TAEYEON),2026-02-20,150.574,106821,,,,,
그대라는 시,태연 (TAEYEON),2026-02-21,141.704,102868,,,,,
그대라는 시,태연 (TAEYEON),2026-02-22,137.614999999999,106009,,,,,
그대라는 시,태연 (TAEYEON),2026-02-23,142.832,98764,,,,,
그대라는 시,태연 (TAEYEON),2026-02-24,150.931,108613,,,,,
그대라는 시,태연 (TAEYEON),2026-02-25,151.077,105930,,,,,
그대라는 시,태연 (TAEYEON),2026-02-26,146.328999999999,98456,,,,,
그대라는 시,태연 (TAEYEON),2026-02-27,140.198999999999,104409,,,,,
그대라는 시,태연 (TAEYEON),2026-02-28,139.323999999999,102569,,,,,
그대라는 시,태연 (TAEYEON),2026-03-01,126.92,100909,,,,,
그대라는 시,태연 (TAEYEON),2026-03-02,122.686,92672,,,,,
그대라는 시,태연 (TAEYEON),2026-03-03,126.952,100509,,,,,
그대라는 시,태연 (TAEYEON),2026-03-04,126.73,91311,,,,,
그대라는 시,태연 (TAEYEON),2026-03-05,126.995,96672,,,,,
그대라는 시,태연 (TAEYEON),2026-03-06,115.008,101307,,,,,
그대라는 시,태연 (TAEYEON),2026-03-07,112.654,102291,,,,,
그대라는 시,태연 (TAEYEON),2026-03-08,115.834,83803,,,,,
그대라는 시,태연 (TAEYEON),2026-03-10,124.428999999999,89771,,,,,
그대라는 시,태연 (TAEYEON),2026-03-11,128.667999999999,97143,,,,,
그대라는 시,태연 (TAEYEON),2026-03-12,125.64,92926,,,,,
그대라는 시,태연 (TAEYEON),2026-03-13,118.404999999999,94800,,,,,
그대라는 시,태연 (TAEYEON),2026-03-14,114.072,91267,,,,,
그대라는 시,태연 (TAEYEON),2026-03-17,131.584,127643,,,,,
그대라는 시,태연 (TAEYEON),2026-03-18,129.565,103979,,,,,
그대라는 시,태연 (TAEYEON),2026-03-19,127.016,110712,,,,,
그대라는 시,태연 (TAEYEON),2026-03-20,129.739,107788,,,,,
그대라는 시,태연 (TAEYEON),2026-03-21,126.448,96375,,,,,
그대라는 시,태연 (TAEYEON),2026-03-22,130.436,100206,,,,,
열애중,벤,2025-04-01,6.862,17120,,,,,
열애중,벤,2025-04-02,7.60499999999999,15871,,,,,
열애중,벤,2025-04-03,8.65199999999999,16101,,,,,
열애중,벤,2025-04-04,10.5659999999999,21601,,,,,
열애중,벤,2025-04-05,11.1829999999999,18533,수급,마지막 중학교 축제에서 이별 노래,65500.0,2676.0,12.0
열애중,벤,2025-04-06,11.9349999999999,15854,,,,,
열애중,벤,2025-04-07,14.657,17241,,,,,
열애중,벤,2025-04-08,21.3009999999999,49570,,,,,
열애중,벤,2025-04-09,25.3319999999999,42606,,,,,
열애중,벤,2025-04-10,22.7859999999999,41262,,,,,
열애중,벤,2025-04-11,27.2649999999999,36437,,,,,
열애중,벤,2025-04-12,25.1419999999999,29971,,,,,
열애중,벤,2025-04-13,24.7359999999999,28685,,,,,
열애중,벤,2025-04-14,29.426,31866,,,,,
열애중,벤,2025-04-15,30.942,32605,,,,,
열애중,벤,2025-04-16,34.3179999999999,29503,,,,,
열애중,벤,2025-04-17,33.695,32605,,,,,
열애중,벤,2025-04-18,35.773,32303,,,,,
열애중,벤,2025-04-19,33.4139999999999,33266,,,,,
열애중,벤,2025-04-20,39.877,30045,,,,,
열애중,벤,2025-04-21,41.962,29696,,,,,
열애중,벤,2025-04-22,43.3219999999999,28115,,,,,
열애중,벤,2025-04-23,45.619,26986,,,,,
열애중,벤,2025-04-24,32.616,26300,,,,,
열애중,벤,2025-04-25,31.872,26440,,,,,
열애중,벤,2025-04-26,31.858,25315,,,,,
열애중,벤,2025-04-27,32.406,23197,,,,,
열애중,벤,2025-04-28,33.708,26862,,,,,
열애중,벤,2025-04-29,34.155,25320,,,,,
열애중,벤,2025-04-30,32.7719999999999,27466,,,,,
열애중,벤,2025-05-01,32.282,29249,,,,,
열애중,벤,2025-05-02,38.352,30677,,,,,
열애중,벤,2025-05-03,89.2060000000001,39566,,,,,
열애중,벤,2025-05-04,67.532,32772,,,,,
열애중,벤,2025-05-05,57.0249999999999,29521,,,,,
열애중,벤,2025-05-06,58.4799999999999,33766,,,,,
열애중,벤,2025-05-07,49.9079999999999,27997,,,,,
열애중,벤,2025-05-08,79.782,32182,,,,,
열애중,벤,2025-05-09,65.2669999999999,30860,,,,,
열애중,벤,2025-05-10,78.189,42272,,,,,
열애중,벤,2025-05-11,133.258,63932,,,,,
열애중,벤,2025-05-12,124.926999999999,58296,,,,,
열애중,벤,2025-05-13,114.513,53245,,,,,
열애중,벤,2025-05-14,116.170999999999,53693,,,,,
열애중,벤,2025-05-15,142.809,60170,,,,,
열애중,벤,2025-05-16,107.266999999999,54239,,,,,
열애중,벤,2025-05-17,78.0569999999999,39593,,,,,
열애중,벤,2025-05-18,79.2019999999999,38754,,,,,
열애중,벤,2025-05-19,82.2309999999999,42575,,,,,
열애중,벤,2025-05-20,82.4289999999999,40278,,,,,
열애중,벤,2025-05-21,75.9449999999999,36919,,,,,
열애중,벤,2025-05-22,73.8779999999999,36659,,,,,
열애중,벤,2025-05-23,72.0399999999999,37325,,,,,
열애중,벤,2025-05-24,73.412,35846,,,,,
열애중,벤,2025-05-25,80.7579999999999,38523,,,,,
열애중,벤,2025-05-26,76.9579999999999,37726,,,,,
열애중,벤,2025-05-27,70.2229999999999,35021,,,,,
열애중,벤,2025-05-28,62.662,32998,,,,,
열애중,벤,2025-05-29,60.141,33361,,,,,
열애중,벤,2025-05-30,61.369,34706,,,,,
열애중,벤,2025-05-31,53.0699999999999,32035,,,,,
열애중,벤,2025-06-01,52.356,30123,,,,,
열애중,벤,2025-06-02,53.8439999999999,31175,,,,,
열애중,벤,2025-06-03,52.7129999999999,28693,,,,,
열애중,벤,2025-06-04,56.2219999999999,30989,,,,,
열애중,벤,2025-06-05,53.447,30841,,,,,
열애중,벤,2025-06-06,52.821,28988,,,,,
열애중,벤,2025-06-07,49.768,27740,,,,,
열애중,벤,2025-06-08,48.274,27357,,,,,
열애중,벤,2025-06-09,52.58,28107,,,,,
열애중,벤,2025-06-10,55.736,27997,,,,,
열애중,벤,2025-06-11,53.2139999999999,27890,,,,,
열애중,벤,2025-06-12,55.637,29051,,,,,
열애중,벤,2025-06-13,57.4349999999999,32028,,,,,
열애중,벤,2025-06-14,54.1619999999999,29480,,,,,
열애중,벤,2025-06-15,55.8089999999999,29013,,,,,
열애중,벤,2025-06-16,57.9589999999999,29574,,,,,
열애중,벤,2025-06-17,66.4249999999999,32258,,,,,
열애중,벤,2025-06-18,65.1449999999999,33574,,,,,
열애중,벤,2025-06-19,67.9369999999998,36165,,,,,
열애중,벤,2025-06-20,61.5849999999999,34390,,,,,
열애중,벤,2025-06-21,65.9369999999999,33322,,,,,
열애중,벤,2025-06-22,65.452,32821,,,,,
열애중,벤,2025-06-23,68.8069999999999,35473,,,,,
열애중,벤,2025-06-24,92.4120000000003,39592,,,,,
열애중,벤,2025-06-25,90.412,38583,,,,,
열애중,벤,2025-06-26,82.541,37312,,,,,
열애중,벤,2025-06-27,80.4289999999999,36103,,,,,
열애중,벤,2025-06-28,78.189,34005,,,,,
열애중,벤,2025-06-29,78.5429999999999,33708,,,,,
열애중,벤,2025-06-30,69.4669999999999,33219,,,,,
열애중,벤,2025-07-01,64.6869999999999,31445,,,,,
열애중,벤,2025-07-02,61.8319999999999,29851,,,,,
열애중,벤,2025-07-03,59.1119999999999,31983,,,,,
열애중,벤,2025-07-04,53.6459999999999,26567,,,,,
열애중,벤,2025-07-05,50.12,29090,,,,,
열애중,벤,2025-07-06,53.3109999999999,28010,,,,,
열애중,벤,2025-07-07,54.5309999999999,27589,,,,,
열애중,벤,2025-07-08,52.5029999999999,27950,,,,,
열애중,벤,2025-07-09,54.8729999999999,27555,,,,,
열애중,벤,2025-07-10,57.2289999999999,32273,,,,,
열애중,벤,2025-07-11,49.1709999999999,28176,,,,,
열애중,벤,2025-07-12,51.2779999999999,25744,,,,,
열애중,벤,2025-07-13,54.3739999999999,26683,,,,,
열애중,벤,2025-07-14,55.6609999999999,26943,,,,,
열애중,벤,2025-07-15,55.8229999999999,30043,,,,,
열애중,벤,2025-07-16,62.6389999999999,40112,,,,,
열애중,벤,2025-07-17,60.6329999999999,52460,,,,,
열애중,벤,2025-07-18,54.5769999999999,44871,,,,,
열애중,벤,2025-07-19,47.7609999999999,30837,,,,,
열애중,벤,2025-07-20,48.3229999999999,22258,,,,,
열애중,벤,2025-07-21,50.528,25543,,,,,
열애중,벤,2025-07-22,52.1069999999999,25772,,,,,
열애중,벤,2025-07-23,53.3959999999999,25186,,,,,
열애중,벤,2025-07-24,54.9079999999999,26524,,,,,
열애중,벤,2025-07-25,56.8599999999999,25598,,,,,
열애중,벤,2025-07-26,64.7099999999999,24307,,,,,
열애중,벤,2025-07-27,82.415,30419,,,,,
열애중,벤,2025-07-28,111.966,38806,,,,,
열애중,벤,2025-07-29,130.764,43806,,,,,
열애중,벤,2025-07-30,133.768,44222,,,,,
열애중,벤,2025-07-31,112.165,39857,,,,,
열애중,벤,2025-08-01,84.5930000000001,32826,,,,,
열애중,벤,2025-08-02,73.6869999999999,26426,,,,,
열애중,벤,2025-08-03,68.5679999999999,27871,,,,,
열애중,벤,2025-08-04,62.1029999999999,27878,,,,,
열애중,벤,2025-08-05,62.6389999999999,27023,,,,,
열애중,벤,2025-08-06,62.3509999999999,27524,,,,,
열애중,벤,2025-08-07,61.5799999999999,26269,,,,,
열애중,벤,2025-08-08,52.5159999999999,27113,,,,,
열애중,벤,2025-08-09,43.214,22696,,,,,
열애중,벤,2025-08-10,42.693,22194,,,,,
열애중,벤,2025-08-11,45.1899999999999,22732,,,,,
열애중,벤,2025-08-12,45.4769999999999,22874,,,,,
열애중,벤,2025-08-13,46.165,22084,,,,,
열애중,벤,2025-08-14,40.7879999999999,21474,,,,,
열애중,벤,2025-08-15,42.2919999999999,20734,,,,,
열애중,벤,2025-08-16,38.9479999999999,19558,,,,,
열애중,벤,2025-08-17,39.397,19439,,,,,
열애중,벤,2025-08-18,43.359,24275,,,,,
열애중,벤,2025-08-19,43.4639999999999,23869,,,,,
열애중,벤,2025-08-20,42.0609999999999,21735,,,,,
열애중,벤,2025-08-21,40.86,21847,,,,,
열애중,벤,2025-08-22,40.726,22108,,,,,
열애중,벤,2025-08-23,40.2429999999999,20119,,,,,
열애중,벤,2025-08-24,44.889,21516,,,,,
열애중,벤,2025-08-25,45.376,22629,,,,,
열애중,벤,2025-08-26,41.2619999999999,21596,,,,,
열애중,벤,2025-08-27,41.486,20764,,,,,
열애중,벤,2025-08-28,43.371,22307,,,,,
열애중,벤,2025-08-29,39.605,22976,,,,,
열애중,벤,2025-08-30,40.4839999999999,22293,,,,,
열애중,벤,2025-08-31,43.2449999999999,23577,,,,,
열애중,벤,2025-09-01,47.6769999999999,28547,,,,,
열애중,벤,2025-09-02,47.9019999999999,24253,,,,,
열애중,벤,2025-09-03,47.4289999999999,24530,,,,,
열애중,벤,2025-09-04,44.5859999999999,30957,,,,,
열애중,벤,2025-09-05,42.01,31688,,,,,
열애중,벤,2025-09-06,42.9429999999999,27582,,,,,
열애중,벤,2025-09-07,45.1799999999999,25262,,,,,
열애중,벤,2025-09-08,44.312,24637,,,,,
열애중,벤,2025-09-09,45.6119999999999,25737,,,,,
열애중,벤,2025-09-10,45.4849999999999,23968,,,,,
열애중,벤,2025-09-11,48.5169999999999,25290,,,,,
열애중,벤,2025-09-12,48.4679999999999,25677,,,,,
열애중,벤,2025-09-13,44.592,24246,,,,,
열애중,벤,2025-09-14,47.16,28515,,,,,
열애중,벤,2025-09-15,46.8909999999999,27567,,,,,
열애중,벤,2025-09-16,48.1159999999999,25914,,,,,
열애중,벤,2025-09-17,52.8669999999999,26408,,,,,
열애중,벤,2025-09-18,53.0229999999999,27464,,,,,
열애중,벤,2025-09-19,53.6849999999999,28377,,,,,
열애중,벤,2025-09-20,60.3329999999999,30424,,,,,
열애중,벤,2025-09-21,123.067,46636,,,,,
열애중,벤,2025-09-22,68.537,30176,,,,,
열애중,벤,2025-09-23,63.3299999999999,29525,,,,,
열애중,벤,2025-09-24,60.1499999999999,29331,,,,,
열애중,벤,2025-09-25,58.3159999999999,27144,,,,,
열애중,벤,2025-09-26,53.177,27287,,,,,
열애중,벤,2025-09-27,49.5549999999999,25512,,,,,
열애중,벤,2025-09-28,51.7629999999999,26808,,,,,
열애중,벤,2025-09-29,55.8899999999999,27023,,,,,
열애중,벤,2025-09-30,56.7599999999999,26659,,,,,
열애중,벤,2025-10-01,56.9319999999999,29310,,,,,
열애중,벤,2025-10-02,50.0999999999999,26034,,,,,
열애중,벤,2025-10-03,45.5999999999999,24413,,,,,
열애중,벤,2025-10-04,46.0319999999999,22644,,,,,
열애중,벤,2025-10-05,43.179,21401,,,,,
열애중,벤,2025-10-06,48.0499999999999,22074,,,,,
열애중,벤,2025-10-07,50.0029999999999,25346,,,,,
열애중,벤,2025-10-08,44.5779999999999,29853,,,,,
열애중,벤,2025-10-09,46.7559999999999,28259,,,,,
열애중,벤,2025-10-10,51.0809999999999,28076,,,,,
열애중,벤,2025-10-11,52.0039999999999,25487,,,,,
열애중,벤,2025-10-12,59.5559999999999,27216,,,,,
열애중,벤,2025-10-13,60.654,27904,,,,,
열애중,벤,2025-10-14,66.9209999999999,27618,,,,,
열애중,벤,2025-10-15,75.5119999999999,29923,,,,,
열애중,벤,2025-10-16,83.033,31437,,,,,
열애중,벤,2025-10-17,91.3200000000001,34340,,,,,
열애중,벤,2025-10-18,100.892,34412,,,,,
열애중,벤,2025-10-19,118.616,38040,,,,,
열애중,벤,2025-10-20,96.399,34481,,,,,
열애중,벤,2025-10-21,90.2730000000001,35104,,,,,
열애중,벤,2025-10-22,85.996,32505,,,,,
열애중,벤,2025-10-23,86.643,32626,,,,,
열애중,벤,2025-10-24,82.61,32422,,,,,
열애중,벤,2025-10-25,79.781,30243,,,,,
열애중,벤,2025-10-26,71.2289999999999,29277,,,,,
열애중,벤,2025-10-27,74.3299999999999,29728,,,,,
열애중,벤,2025-10-28,74.838,99976,,,,,
열애중,벤,2025-10-29,70.7669999999999,60529,,,,,
열애중,벤,2025-10-30,61.8009999999998,33382,,,,,
열애중,벤,2025-10-31,54.5719999999999,26859,,,,,
열애중,벤,2025-11-01,52.2979999999999,26040,,,,,
열애중,벤,2025-11-02,52.4189999999999,25762,,,,,
열애중,벤,2025-11-03,53.3429999999999,29278,오리지널,한림예고 여자 발라드 내 취향 보컬은?,134600.0,4215.0,74.0
열애중,벤,2025-11-04,57.9949999999999,31100,,,,,
열애중,벤,2025-11-05,54.5179999999999,26001,,,,,
열애중,벤,2025-11-06,52.6429999999999,25780,,,,,
열애중,벤,2025-11-07,49.637,26448,오리지널,한림예고 남녀 고음 당신의 취향은?,28200.0,758.0,3.0
열애중,벤,2025-11-08,47.7529999999999,23806,,,,,
열애중,벤,2025-11-09,50.8759999999999,23655,,,,,
열애중,벤,2025-11-10,54.5839999999999,27165,,,,,
열애중,벤,2025-11-11,54.2649999999999,26390,,,,,
열애중,벤,2025-11-12,53.954,25323,,,,,
열애중,벤,2025-11-13,82.261,31566,,,,,
열애중,벤,2025-11-14,78.2139999999999,30007,,,,,
열애중,벤,2025-11-15,72.982,27906,,,,,
열애중,벤,2025-11-16,77.0649999999999,27595,,,,,
열애중,벤,2025-11-17,76.9989999999999,27623,,,,,
열애중,벤,2025-11-18,82.4629999999999,29389,,,,,
열애중,벤,2025-11-19,74.422,27136,,,,,
열애중,벤,2025-11-20,76.784,28503,,,,,
열애중,벤,2025-11-21,70.668,27472,,,,,
열애중,벤,2025-11-22,66.2059999999999,25859,,,,,
열애중,벤,2025-11-23,67.87,25662,,,,,
열애중,벤,2025-11-24,70.4299999999999,26494,,,,,
열애중,벤,2025-11-25,70.9869999999999,26817,,,,,
열애중,벤,2025-11-26,70.6879999999999,26525,,,,,
열애중,벤,2025-11-27,72.2209999999999,26983,,,,,
열애중,벤,2025-11-28,71.5109999999999,28186,,,,,
열애중,벤,2025-11-29,64.2299999999999,25091,,,,,
열애중,벤,2025-11-30,72.274,25787,,,,,
열애중,벤,2025-12-01,68.758,26539,,,,,
열애중,벤,2025-12-02,66.707,25483,,,,,
열애중,벤,2025-12-03,67.976,24964,,,,,
열애중,벤,2025-12-04,66.785,25086,,,,,
열애중,벤,2025-12-05,61.5529999999999,24682,,,,,
열애중,벤,2025-12-06,61.6089999999999,23923,,,,,
열애중,벤,2025-12-07,69.4559999999999,25862,,,,,
열애중,벤,2025-12-08,70.3999999999999,27543,,,,,
열애중,벤,2025-12-09,68.341,27715,,,,,
열애중,벤,2025-12-10,66.8869999999999,26593,,,,,
열애중,벤,2025-12-11,66.3349999999999,27329,,,,,
열애중,벤,2025-12-12,60.2109999999999,25110,,,,,
열애중,벤,2025-12-13,59.0959999999999,24758,,,,,
열애중,벤,2025-12-14,65.8729999999999,25341,,,,,
열애중,벤,2025-12-15,69.372,27196,,,,,
열애중,벤,2025-12-16,70.7909999999999,27425,,,,,
열애중,벤,2025-12-17,68.4939999999999,26013,,,,,
열애중,벤,2025-12-18,68.0479999999999,25767,,,,,
열애중,벤,2025-12-19,63.7069999999999,24772,,,,,
열애중,벤,2025-12-20,58.0699999999999,22155,,,,,
열애중,벤,2025-12-21,62.3579999999999,23728,,,,,
열애중,벤,2025-12-22,65.5799999999999,24906,,,,,
열애중,벤,2025-12-23,64.7889999999999,25107,,,,,
열애중,벤,2025-12-24,60.1309999999999,21648,,,,,
열애중,벤,2025-12-25,64.2099999999999,26303,,,,,
열애중,벤,2025-12-26,64.0359999999999,28035,,,,,
열애중,벤,2025-12-27,62.1969999999999,23802,,,,,
열애중,벤,2025-12-28,74.0379999999999,33714,,,,,
열애중,벤,2025-12-29,84.7609999999999,34881,,,,,
열애중,벤,2025-12-30,75.8159999999999,30265,,,,,
열애중,벤,2025-12-31,60.2559999999999,23515,,,,,
열애중,벤,2026-01-01,56.0109999999999,24997,,,,,
열애중,벤,2026-01-02,56.1519999999998,25443,,,,,
열애중,벤,2026-01-03,57.3609999999999,25239,,,,,
열애중,벤,2026-01-04,61.2089999999999,32931,,,,,
열애중,벤,2026-01-05,64.0029999999999,32619,,,,,
열애중,벤,2026-01-06,66.752,31710,,,,,
열애중,벤,2026-01-07,68.102,30800,,,,,
열애중,벤,2026-01-08,65.752,30908,,,,,
열애중,벤,2026-01-09,56.003,27247,,,,,
열애중,벤,2026-01-10,50.958,23714,,,,,
열애중,벤,2026-01-11,55.199,25842,,,,,
열애중,벤,2026-01-12,57.746,28466,,,,,
열애중,벤,2026-01-13,59.1369999999999,30020,,,,,
열애중,벤,2026-01-14,62.1679999999999,31103,,,,,
열애중,벤,2026-01-15,60.3169999999999,30167,,,,,
열애중,벤,2026-01-16,52.738,27507,,,,,
열애중,벤,2026-01-17,50.222,24774,,,,,
열애중,벤,2026-01-18,53.328,26081,,,,,
열애중,벤,2026-01-19,55.3989999999999,27951,,,,,
열애중,벤,2026-01-20,57.084,27864,,,,,
열애중,벤,2026-01-21,56.3799999999999,29190,,,,,
열애중,벤,2026-01-22,56.7379999999999,27810,,,,,
열애중,벤,2026-01-23,57.382,27331,,,,,
열애중,벤,2026-01-24,56.9739999999999,26438,,,,,
열애중,벤,2026-01-25,68.854,44538,,,,,
열애중,벤,2026-01-26,67.343,36775,,,,,
열애중,벤,2026-01-27,62.2169999999999,30314,,,,,
열애중,벤,2026-01-28,63.8129999999999,28610,,,,,
열애중,벤,2026-01-29,59.6099999999999,27281,,,,,
열애중,벤,2026-01-30,57.46,27270,,,,,
열애중,벤,2026-01-31,55.8089999999999,26210,,,,,
열애중,벤,2026-02-01,62.5019999999999,26678,,,,,
열애중,벤,2026-02-02,67.382,28812,,,,,
열애중,벤,2026-02-03,61.8079999999999,27254,,,,,
열애중,벤,2026-02-04,57.2309999999999,26651,,,,,
열애중,벤,2026-02-05,62.1789999999999,27721,,,,,
열애중,벤,2026-02-07,62.838,26459,,,,,
열애중,벤,2026-02-08,83.775,77221,,,,,
열애중,벤,2026-02-09,82.106,77615,,,,,
열애중,벤,2026-02-10,77.836,72000,,,,,
열애중,벤,2026-02-11,78.0399999999999,64666,,,,,
열애중,벤,2026-02-12,71.559,51629,,,,,
열애중,벤,2026-02-13,65.6639999999999,47780,,,,,
열애중,벤,2026-02-15,55.5809999999999,33022,,,,,
열애중,벤,2026-02-16,54.1939999999999,29672,,,,,
열애중,벤,2026-02-17,54.7769999999999,28773,,,,,
열애중,벤,2026-02-18,51.5199999999999,29112,,,,,
열애중,벤,2026-02-19,50.7779999999999,28660,,,,,
열애중,벤,2026-02-20,45.7779999999999,27044,,,,,
열애중,벤,2026-02-21,42.3709999999999,24137,,,,,
열애중,벤,2026-02-22,41.9659999999999,24091,,,,,
열애중,벤,2026-02-23,46.619,26439,,,,,
열애중,벤,2026-02-24,48.7459999999999,26973,,,,,
열애중,벤,2026-02-25,48.629,26723,,,,,
열애중,벤,2026-02-26,48.697,26116,,,,,
열애중,벤,2026-02-27,44.3559999999999,25426,,,,,
열애중,벤,2026-02-28,43.3369999999999,23235,,,,,
열애중,벤,2026-03-01,40.11,22307,,,,,
열애중,벤,2026-03-02,39.318,21515,,,,,
열애중,벤,2026-03-03,40.853,21439,,,,,
열애중,벤,2026-03-04,41.022,21272,,,,,
열애중,벤,2026-03-05,41.609,22064,,,,,
열애중,벤,2026-03-06,38.9239999999999,22193,,,,,
열애중,벤,2026-03-07,35.266,21327,,,,,
열애중,벤,2026-03-08,37.147,19555,,,,,
열애중,벤,2026-03-10,43.086,23068,,,,,
열애중,벤,2026-03-11,41.753,23185,,,,,
열애중,벤,2026-03-12,43.5459999999999,26365,,,,,
열애중,벤,2026-03-13,42.181,31131,,,,,
열애중,벤,2026-03-14,39.702,32586,,,,,
열애중,벤,2026-03-17,43.425,27603,,,,,
열애중,벤,2026-03-18,43.0569999999999,28390,,,,,
열애중,벤,2026-03-19,43.297,29663,,,,,
열애중,벤,2026-03-20,40.866,29539,,,,,
열애중,벤,2026-03-21,39.678,27264,,,,,
열애중,벤,2026-03-22,42.204,26271,,,,,
Hello,허각,2025-04-01,178.813,57752,,,,,
Hello,허각,2025-04-02,152.617,52693,,,,,
Hello,허각,2025-04-03,162.03,61319,,,,,
Hello,허각,2025-04-04,163.377,63824,,,,,
Hello,허각,2025-04-05,142.459,70492,,,,,
Hello,허각,2025-04-06,138.054,54400,,,,,
Hello,허각,2025-04-07,137.602,57008,,,,,
Hello,허각,2025-04-08,136.92,57972,,,,,
Hello,허각,2025-04-09,143.085,57939,,,,,
Hello,허각,2025-04-10,145.774,58383,,,,,
Hello,허각,2025-04-11,137.569,57842,,,,,
Hello,허각,2025-04-12,134.146,58094,,,,,
Hello,허각,2025-04-13,135.629,51921,,,,,
Hello,허각,2025-04-14,134.775,51662,,,,,
Hello,허각,2025-04-15,133.999,50567,,,,,
Hello,허각,2025-04-16,133.393,50849,,,,,
Hello,허각,2025-04-17,132.787,55009,,,,,
Hello,허각,2025-04-18,138.268999999999,56376,,,,,
Hello,허각,2025-04-19,136.251,55167,,,,,
Hello,허각,2025-04-20,134.074,54623,,,,,
Hello,허각,2025-04-21,136.291,54137,,,,,
Hello,허각,2025-04-22,133.911,52407,,,,,
Hello,허각,2025-04-23,144.863,56884,,,,,
Hello,허각,2025-04-24,146.743,62627,,,,,
Hello,허각,2025-04-25,171.334,71015,,,,,
Hello,허각,2025-04-26,140.961,57375,,,,,
Hello,허각,2025-04-27,145.051,58414,,,,,
Hello,허각,2025-04-28,153.215,61497,,,,,
Hello,허각,2025-04-29,152.077,61437,,,,,
Hello,허각,2025-04-30,145.793,60196,,,,,
Hello,허각,2025-05-01,156.548,62617,,,,,
Hello,허각,2025-05-02,157.332,61816,,,,,
Hello,허각,2025-05-03,150.554,61626,,,,,
Hello,허각,2025-05-04,167.579,66747,,,,,
Hello,허각,2025-05-05,173.128,67702,,,,,
Hello,허각,2025-05-06,160.349,64426,,,,,
Hello,허각,2025-05-07,155.292,60738,,,,,
Hello,허각,2025-05-08,157.772,61029,,,,,
Hello,허각,2025-05-09,145.842,61839,,,,,
Hello,허각,2025-05-10,175.941,75942,,,,,
Hello,허각,2025-05-11,212.291,85725,,,,,
Hello,허각,2025-05-12,181.773,74348,,,,,
Hello,허각,2025-05-13,179.201,74235,,,,,
Hello,허각,2025-05-14,197.445,75270,,,,,
Hello,허각,2025-05-15,224.037,84149,,,,,
Hello,허각,2025-05-16,194.274,79745,,,,,
Hello,허각,2025-05-17,165.147,66668,,,,,
Hello,허각,2025-05-18,180.108,67311,,,,,
Hello,허각,2025-05-19,185.460999999999,69072,,,,,
Hello,허각,2025-05-20,187.858,69614,,,,,
Hello,허각,2025-05-21,153.623,64786,,,,,
Hello,허각,2025-05-22,144.989,61601,,,,,
Hello,허각,2025-05-23,161.847,70911,,,,,
Hello,허각,2025-05-24,157.899,71639,,,,,
Hello,허각,2025-05-25,185.409,72363,,,,,
Hello,허각,2025-05-26,207.433999999999,75844,,,,,
Hello,허각,2025-05-27,189.567,72715,,,,,
Hello,허각,2025-05-28,195.457,76415,,,,,
Hello,허각,2025-05-29,206.769,79612,,,,,
Hello,허각,2025-05-30,191.52,80576,,,,,
Hello,허각,2025-05-31,158.947,81366,,,,,
Hello,허각,2025-06-01,159.122,79903,,,,,
Hello,허각,2025-06-02,167.428,75498,,,,,
Hello,허각,2025-06-03,160.315,67535,,,,,
Hello,허각,2025-06-04,172.537,68800,,,,,
Hello,허각,2025-06-05,172.613999999999,68923,,,,,
Hello,허각,2025-06-06,181.874,71219,,,,,
Hello,허각,2025-06-07,182.082,69614,,,,,
Hello,허각,2025-06-08,181.013,68344,,,,,
Hello,허각,2025-06-09,202.866,70745,,,,,
Hello,허각,2025-06-10,184.140999999999,66587,,,,,
Hello,허각,2025-06-11,145.133,58692,,,,,
Hello,허각,2025-06-12,139.914,55201,,,,,
Hello,허각,2025-06-13,144.31,58013,,,,,
Hello,허각,2025-06-14,132.416,53601,,,,,
Hello,허각,2025-06-15,140.867,53772,,,,,
Hello,허각,2025-06-16,134.383,51733,,,,,
Hello,허각,2025-06-17,139.986,54072,,,,,
Hello,허각,2025-06-18,126.517,48901,,,,,
Hello,허각,2025-06-19,143.949,53604,,,,,
Hello,허각,2025-06-20,149.338,57990,,,,,
Hello,허각,2025-06-21,141.545,55299,,,,,
Hello,허각,2025-06-22,146.537,51981,,,,,
Hello,허각,2025-06-23,160.844,59082,,,,,
Hello,허각,2025-06-24,193.495,67354,,,,,
Hello,허각,2025-06-25,200.747,69368,,,,,
Hello,허각,2025-06-26,180.599,62872,,,,,
Hello,허각,2025-06-27,150.005,55534,,,,,
Hello,허각,2025-06-28,146.233,51092,,,,,
Hello,허각,2025-06-29,147.527,48576,,,,,
Hello,허각,2025-06-30,140.476,49355,,,,,
Hello,허각,2025-07-01,139.834,50179,,,,,
Hello,허각,2025-07-02,150.649,52186,,,,,
Hello,허각,2025-07-03,142.607,51986,,,,,
Hello,허각,2025-07-04,140.689,52067,,,,,
Hello,허각,2025-07-05,136.868,48313,,,,,
Hello,허각,2025-07-06,131.299,46307,,,,,
Hello,허각,2025-07-07,128.419,47182,,,,,
Hello,허각,2025-07-08,141.02,50166,,,,,
Hello,허각,2025-07-09,151.612,52200,,,,,
Hello,허각,2025-07-10,140.476,52120,,,,,
Hello,허각,2025-07-11,124.557,51490,,,,,
Hello,허각,2025-07-12,127.301,48942,,,,,
Hello,허각,2025-07-13,130.303,42623,,,,,
Hello,허각,2025-07-14,132.944,47939,,,,,
Hello,허각,2025-07-15,138.999,52274,,,,,
Hello,허각,2025-07-16,153.343999999999,50613,,,,,
Hello,허각,2025-07-17,139.93,46970,,,,,
Hello,허각,2025-07-18,165.7,51495,,,,,
Hello,허각,2025-07-19,149.138,47198,,,,,
Hello,허각,2025-07-20,136.651,43815,,,,,
Hello,허각,2025-07-21,122.79,42422,,,,,
Hello,허각,2025-07-22,121.19,44390,,,,,
Hello,허각,2025-07-23,126.087,41846,,,,,
Hello,허각,2025-07-24,121.39,61411,,,,,
Hello,허각,2025-07-25,117.447,40460,,,,,
Hello,허각,2025-07-26,110.778,37457,,,,,
Hello,허각,2025-07-27,112.904,56133,,,,,
Hello,허각,2025-07-28,109.231,57124,,,,,
Hello,허각,2025-07-29,115.628999999999,57469,,,,,
Hello,허각,2025-07-30,127.305,60127,,,,,
Hello,허각,2025-07-31,128.218,57647,,,,,
Hello,허각,2025-08-01,117.64,54940,,,,,
Hello,허각,2025-08-02,116.371,52930,,,,,
Hello,허각,2025-08-03,115.78,54516,,,,,
Hello,허각,2025-08-04,114.976,57175,,,,,
Hello,허각,2025-08-05,120.186,57973,,,,,
Hello,허각,2025-08-06,134.498,57992,,,,,
Hello,허각,2025-08-07,144.551,57791,,,,,
Hello,허각,2025-08-08,136.608,60190,,,,,
Hello,허각,2025-08-09,134.888,59888,,,,,
Hello,허각,2025-08-10,176.987,70199,,,,,
Hello,허각,2025-08-11,182.542,72740,,,,,
Hello,허각,2025-08-12,171.441,70551,,,,,
Hello,허각,2025-08-13,165.45,68396,,,,,
Hello,허각,2025-08-14,145.084999999999,64578,,,,,
Hello,허각,2025-08-15,154.84,75173,,,,,
Hello,허각,2025-08-16,153.378,70332,,,,,
Hello,허각,2025-08-17,157.083999999999,65304,,,,,
Hello,허각,2025-08-18,150.991,64473,,,,,
Hello,허각,2025-08-19,149.054999999999,65427,,,,,
Hello,허각,2025-08-20,152.194,66123,,,,,
Hello,허각,2025-08-21,129.415,54011,,,,,
Hello,허각,2025-08-22,227.763,81611,,,,,
Hello,허각,2025-08-23,118.934,41948,,,,,
Hello,허각,2025-08-24,266.591,86548,,,,,
Hello,허각,2025-08-25,138.109,44961,,,,,
Hello,허각,2025-08-26,265.255,89368,,,,,
Hello,허각,2025-08-27,266.197,88637,,,,,
Hello,허각,2025-08-28,256.24,83896,,,,,
Hello,허각,2025-08-29,291.009,97349,,,,,
Hello,허각,2025-08-30,281.308999999999,94068,,,,,
Hello,허각,2025-08-31,137.472,50466,,,,,
Hello,허각,2025-09-01,138.103,52173,,,,,
Hello,허각,2025-09-02,148.108,51778,,,,,
Hello,허각,2025-09-03,140.503,45962,,,,,
Hello,허각,2025-09-04,142.414,47577,,,,,
Hello,허각,2025-09-05,142.574,53591,,,,,
Hello,허각,2025-09-06,146.332,55163,,,,,
Hello,허각,2025-09-07,134.96,53338,,,,,
Hello,허각,2025-09-08,134.933,45874,,,,,
Hello,허각,2025-09-09,144.751,47506,,,,,
Hello,허각,2025-09-10,145.69,46599,,,,,
Hello,허각,2025-09-11,148.489,47947,,,,,
Hello,허각,2025-09-12,148.374,48432,,,,,
Hello,허각,2025-09-13,168.712999999999,50025,,,,,
Hello,허각,2025-09-14,169.99,52735,,,,,
Hello,허각,2025-09-15,149.358,49440,,,,,
Hello,허각,2025-09-16,145.294,48884,,,,,
Hello,허각,2025-09-17,149.774,48222,,,,,
Hello,허각,2025-09-18,144.353,49382,,,,,
Hello,허각,2025-09-19,150.382999999999,51038,,,,,
Hello,허각,2025-09-20,154.039,49766,,,,,
Hello,허각,2025-09-21,150.092,49040,,,,,
Hello,허각,2025-09-22,147.78,50013,,,,,
Hello,허각,2025-09-23,145.98,49032,,,,,
Hello,허각,2025-09-24,159.48,49920,,,,,
Hello,허각,2025-09-25,167.693,54702,,,,,
Hello,허각,2025-09-26,154.168,56458,,,,,
Hello,허각,2025-09-27,155.072,48312,,,,,
Hello,허각,2025-09-28,170.762,50667,,,,,
Hello,허각,2025-09-29,176.945,52980,,,,,
Hello,허각,2025-09-30,185.862999999999,54060,,,,,
Hello,허각,2025-10-01,209.642999999999,64023,,,,,
Hello,허각,2025-10-02,183.816999999999,58752,,,,,
Hello,허각,2025-10-03,148.796,49922,,,,,
Hello,허각,2025-10-04,143.921,47006,,,,,
Hello,허각,2025-10-05,169.357,48886,,,,,
Hello,허각,2025-10-06,248.277,60502,,,,,
Hello,허각,2025-10-07,224.980999999999,60450,,,,,
Hello,허각,2025-10-08,199.123999999999,55472,,,,,
Hello,허각,2025-10-09,178.34,52598,,,,,
Hello,허각,2025-10-10,147.773,45770,,,,,
Hello,허각,2025-10-11,130.129,41867,,,,,
Hello,허각,2025-10-12,140.86,44194,,,,,
Hello,허각,2025-10-13,135.959,42297,,,,,
Hello,허각,2025-10-14,126.781,41507,,,,,
Hello,허각,2025-10-15,126.956,41123,,,,,
Hello,허각,2025-10-16,129.523,44341,,,,,
Hello,허각,2025-10-17,145.509,47449,,,,,
Hello,허각,2025-10-18,137.546,43526,,,,,
Hello,허각,2025-10-19,134.823,42870,,,,,
Hello,허각,2025-10-20,132.369,43666,,,,,
Hello,허각,2025-10-21,133.284,43405,,,,,
Hello,허각,2025-10-22,132.546,43583,,,,,
Hello,허각,2025-10-23,132.303,43486,,,,,
Hello,허각,2025-10-24,131.565,44221,,,,,
Hello,허각,2025-10-25,130.355,41531,,,,,
Hello,허각,2025-10-26,129.79,42025,,,,,
Hello,허각,2025-10-27,131.698,41831,,,,,
Hello,허각,2025-10-28,140.265,44106,오리지널,한림예고 남자 발라드 보컬 당신의 취향은?,267200.0,6074.0,160.0
Hello,허각,2025-10-29,152.357,46050,,,,,
Hello,허각,2025-10-30,150.814,47778,,,,,
Hello,허각,2025-10-31,122.919,42546,,,,,
Hello,허각,2025-11-01,208.942999999999,56675,,,,,
Hello,허각,2025-11-02,227.768,62329,,,,,
Hello,허각,2025-11-03,205.927,57172,,,,,
Hello,허각,2025-11-04,186.899,54667,,,,,
Hello,허각,2025-11-05,170.188999999999,49773,,,,,
Hello,허각,2025-11-06,153.981,48982,,,,,
Hello,허각,2025-11-07,149.344,47377,,,,,
Hello,허각,2025-11-08,142.161,46457,,,,,
Hello,허각,2025-11-09,133.983,39674,,,,,
Hello,허각,2025-11-10,140.609,42928,,,,,
Hello,허각,2025-11-11,146.909,44773,,,,,
Hello,허각,2025-11-12,133.76,41096,,,,,
Hello,허각,2025-11-13,143.898999999999,42875,,,,,
Hello,허각,2025-11-14,154.274,51105,,,,,
Hello,허각,2025-11-15,142.477,59475,,,,,
Hello,허각,2025-11-16,144.798999999998,63481,,,,,
Hello,허각,2025-11-17,149.496,68437,,,,,
Hello,허각,2025-11-18,146.96,65779,,,,,
Hello,허각,2025-11-19,327.737999999999,129629,,,,,
Hello,허각,2025-11-20,313.597,128561,,,,,
Hello,허각,2025-11-21,159.89,65329,,,,,
Hello,허각,2025-11-22,160.233,58803,,,,,
Hello,허각,2025-11-23,152.35,58746,,,,,
Hello,허각,2025-11-24,155.471,60983,,,,,
Hello,허각,2025-11-25,325.391999999998,123469,,,,,
Hello,허각,2025-11-26,165.192,61832,,,,,
Hello,허각,2025-11-27,161.560999999999,58460,,,,,
Hello,허각,2025-11-28,158.575,56437,,,,,
Hello,허각,2025-11-29,144.452,50951,,,,,
Hello,허각,2025-11-30,138.167,49007,,,,,
Hello,허각,2025-12-01,133.319,53172,,,,,
Hello,허각,2025-12-02,134.402,52512,,,,,
Hello,허각,2025-12-03,137.739,53489,,,,,
Hello,허각,2025-12-04,136.526999999999,53703,,,,,
Hello,허각,2025-12-05,138.618999999999,52904,,,,,
Hello,허각,2025-12-06,143.204999999999,52439,,,,,
Hello,허각,2025-12-07,136.486,50545,,,,,
Hello,허각,2025-12-08,142.964,47659,,,,,
Hello,허각,2025-12-09,136.439,42168,,,,,
Hello,허각,2025-12-10,144.047,43328,,,,,
Hello,허각,2025-12-11,144.928,43781,,,,,
Hello,허각,2025-12-12,146.132,44307,,,,,
Hello,허각,2025-12-13,146.647,40950,,,,,
Hello,허각,2025-12-14,146.121,41666,,,,,
Hello,허각,2025-12-15,149.08,44614,,,,,
Hello,허각,2025-12-16,151.115,44215,,,,,
Hello,허각,2025-12-17,148.626,43942,,,,,
Hello,허각,2025-12-18,161.899,54447,,,,,
Hello,허각,2025-12-19,175.963,59145,,,,,
Hello,허각,2025-12-20,158.003999999999,46784,,,,,
Hello,허각,2025-12-21,157.281,42858,,,,,
Hello,허각,2025-12-22,154.908999999999,44532,,,,,
Hello,허각,2025-12-23,159.676,45535,,,,,
Hello,허각,2025-12-24,153.193,41287,,,,,
Hello,허각,2025-12-25,154.737,40952,,,,,
Hello,허각,2025-12-26,155.249,45567,,,,,
Hello,허각,2025-12-27,155.447,42163,,,,,
Hello,허각,2025-12-28,157.749999999999,43602,,,,,
Hello,허각,2025-12-29,155.864,44669,,,,,
Hello,허각,2025-12-30,156.652,44915,,,,,
Hello,허각,2025-12-31,148.811,40595,,,,,
Hello,허각,2026-01-01,143.352,39080,,,,,
Hello,허각,2026-01-02,137.76,40972,,,,,
Hello,허각,2026-01-03,139.811,38863,,,,,
Hello,허각,2026-01-04,137.653,45646,,,,,
Hello,허각,2026-01-05,135.199,45865,,,,,
Hello,허각,2026-01-06,140.85,49817,,,,,
Hello,허각,2026-01-07,135.082,43460,,,,,
Hello,허각,2026-01-08,140.789,44770,,,,,
Hello,허각,2026-01-09,154.621,50951,,,,,
Hello,허각,2026-01-10,131.744,43614,,,,,
Hello,허각,2026-01-11,127.118,42704,,,,,
Hello,허각,2026-01-12,129.444,43684,,,,,
Hello,허각,2026-01-13,126.048,59964,,,,,
Hello,허각,2026-01-14,127.919,49666,,,,,
Hello,허각,2026-01-15,139.905,48358,,,,,
Hello,허각,2026-01-16,148.095,53921,,,,,
Hello,허각,2026-01-17,132.464999999999,46561,,,,,
Hello,허각,2026-01-18,130.840999999999,42721,,,,,
Hello,허각,2026-01-19,132.62,45098,,,,,
Hello,허각,2026-01-20,140.067,45441,,,,,
Hello,허각,2026-01-21,135.135,44714,,,,,
Hello,허각,2026-01-22,139.767,45789,,,,,
Hello,허각,2026-01-23,140.263999999999,70596,,,,,
Hello,허각,2026-01-24,138.175,43991,,,,,
Hello,허각,2026-01-25,145.581,43572,,,,,
Hello,허각,2026-01-26,145.833,48028,,,,,
Hello,허각,2026-01-27,145.965,48430,,,,,
Hello,허각,2026-01-28,147.314,49784,,,,,
Hello,허각,2026-01-29,144.559,47651,,,,,
Hello,허각,2026-01-30,133.01,46707,,,,,
Hello,허각,2026-01-31,133.079,43981,,,,,
Hello,허각,2026-02-01,146.115,44021,,,,,
Hello,허각,2026-02-02,154.045,48651,,,,,
Hello,허각,2026-02-03,154.583,49618,,,,,
Hello,허각,2026-02-04,136.123,43986,,,,,
Hello,허각,2026-02-05,145.343,46040,,,,,
Hello,허각,2026-02-07,149.089,46422,,,,,
Hello,허각,2026-02-08,151.295,46691,,,,,
Hello,허각,2026-02-09,154.815,50629,,,,,
Hello,허각,2026-02-10,145.36,51667,,,,,
Hello,허각,2026-02-11,145.253,49707,,,,,
Hello,허각,2026-02-12,156.102,50757,,,,,
Hello,허각,2026-02-13,168.975999999999,54170,,,,,
Hello,허각,2026-02-15,161.237,45481,,,,,
Hello,허각,2026-02-16,156.719,45843,,,,,
Hello,허각,2026-02-17,155.85,44737,,,,,
Hello,허각,2026-02-18,153.305,47276,,,,,
Hello,허각,2026-02-19,154.261,47882,,,,,
Hello,허각,2026-02-20,164.450999999999,51071,,,,,
Hello,허각,2026-02-21,173.421,46493,,,,,
Hello,허각,2026-02-22,186.236999999999,48449,,,,,
Hello,허각,2026-02-23,183.051,50595,,,,,
Hello,허각,2026-02-24,185.297999999999,50390,,,,,
Hello,허각,2026-02-25,172.384,48168,,,,,
Hello,허각,2026-02-26,170.628,47183,,,,,
Hello,허각,2026-02-27,177.916,56985,,,,,
Hello,허각,2026-02-28,199.362,51048,,,,,
Hello,허각,2026-03-01,166.121999999999,46568,,,,,
Hello,허각,2026-03-02,151.745999999999,43107,,,,,
Hello,허각,2026-03-03,153.806,43814,,,,,
Hello,허각,2026-03-04,154.002,45116,,,,,
Hello,허각,2026-03-05,170.963999999999,49470,,,,,
Hello,허각,2026-03-06,166.447,49841,,,,,
Hello,허각,2026-03-07,166.09,43001,,,,,
Hello,허각,2026-03-08,185.451,46789,,,,,
Hello,허각,2026-03-10,183.283,52234,,,,,
Hello,허각,2026-03-11,199.091999999999,53867,,,,,
Hello,허각,2026-03-12,188.284,53811,,,,,
Hello,허각,2026-03-13,172.956,53593,,,,,
Hello,허각,2026-03-14,174.356999999999,51255,,,,,
Hello,허각,2026-03-17,195.631,56767,,,,,
Hello,허각,2026-03-18,183.518,55455,,,,,
Hello,허각,2026-03-19,199.635,60577,,,,,
Hello,허각,2026-03-20,173.124,53594,,,,,
Hello,허각,2026-03-21,,46541,,,,,
Hello,허각,2026-03-22,147.107,43075,,,,,
나에게로 떠나는 여행,정은지,2025-04-01,25.819,6408,,,,,
나에게로 떠나는 여행,정은지,2025-04-02,25.777,6575,,,,,
나에게로 떠나는 여행,정은지,2025-04-03,24.011,5979,,,,,
나에게로 떠나는 여행,정은지,2025-04-04,19.942,5242,,,,,
나에게로 떠나는 여행,정은지,2025-04-05,19.027,4936,,,,,
나에게로 떠나는 여행,정은지,2025-04-06,21.424,5392,,,,,
나에게로 떠나는 여행,정은지,2025-04-07,21.276,5714,,,,,
나에게로 떠나는 여행,정은지,2025-04-08,21.47,5552,,,,,
나에게로 떠나는 여행,정은지,2025-04-09,21.8089999999999,5618,,,,,
나에게로 떠나는 여행,정은지,2025-04-10,20.0999999999999,5853,,,,,
나에게로 떠나는 여행,정은지,2025-04-11,17.796,5090,,,,,
나에게로 떠나는 여행,정은지,2025-04-12,16.9479999999999,4229,,,,,
나에게로 떠나는 여행,정은지,2025-04-13,17.517,4539,,,,,
나에게로 떠나는 여행,정은지,2025-04-14,19.4899999999999,5192,,,,,
나에게로 떠나는 여행,정은지,2025-04-15,19.2309999999999,7453,,,,,
나에게로 떠나는 여행,정은지,2025-04-16,19.4039999999999,5465,,,,,
나에게로 떠나는 여행,정은지,2025-04-17,19.1359999999999,5208,,,,,
나에게로 떠나는 여행,정은지,2025-04-18,19.4959999999999,5510,,,,,
나에게로 떠나는 여행,정은지,2025-04-19,19.1419999999999,5098,,,,,
나에게로 떠나는 여행,정은지,2025-04-20,19.8999999999999,5219,,,,,
나에게로 떠나는 여행,정은지,2025-04-21,22.4059999999999,5739,,,,,
나에게로 떠나는 여행,정은지,2025-04-22,23.6559999999999,6904,,,,,
나에게로 떠나는 여행,정은지,2025-04-23,27.304,6825,,,,,
나에게로 떠나는 여행,정은지,2025-04-24,25.452,7199,,,,,
나에게로 떠나는 여행,정은지,2025-04-25,22.023,5832,,,,,
나에게로 떠나는 여행,정은지,2025-04-26,21.4809999999999,5213,,,,,
나에게로 떠나는 여행,정은지,2025-04-27,23.458,5697,,,,,
나에게로 떠나는 여행,정은지,2025-04-28,24.087,5721,,,,,
나에게로 떠나는 여행,정은지,2025-04-29,24.84,6122,,,,,
나에게로 떠나는 여행,정은지,2025-04-30,22.101,5363,,,,,
나에게로 떠나는 여행,정은지,2025-05-01,23.1949999999999,5653,,,,,
나에게로 떠나는 여행,정은지,2025-05-02,26.121,6590,,,,,
나에게로 떠나는 여행,정은지,2025-05-03,24.1439999999999,6158,,,,,
나에게로 떠나는 여행,정은지,2025-05-04,22.458,5570,,,,,
나에게로 떠나는 여행,정은지,2025-05-05,20.103,4753,,,,,
나에게로 떠나는 여행,정은지,2025-05-06,21.257,5175,,,,,
나에게로 떠나는 여행,정은지,2025-05-07,21.621,5381,,,,,
나에게로 떠나는 여행,정은지,2025-05-08,22.216,5187,,,,,
나에게로 떠나는 여행,정은지,2025-05-09,20.272,5264,,,,,
나에게로 떠나는 여행,정은지,2025-05-10,19.6059999999999,4764,,,,,
나에게로 떠나는 여행,정은지,2025-05-11,20.2569999999999,5117,,,,,
나에게로 떠나는 여행,정은지,2025-05-12,23.307,5855,,,,,
나에게로 떠나는 여행,정은지,2025-05-13,22.801,6082,,,,,
나에게로 떠나는 여행,정은지,2025-05-14,25.55,5977,,,,,
나에게로 떠나는 여행,정은지,2025-05-15,24.559,5890,,,,,
나에게로 떠나는 여행,정은지,2025-05-16,23.391,6019,,,,,
나에게로 떠나는 여행,정은지,2025-05-17,23.5659999999999,5535,,,,,
나에게로 떠나는 여행,정은지,2025-05-18,23.629,6450,,,,,
나에게로 떠나는 여행,정은지,2025-05-19,23.253,5880,,,,,
나에게로 떠나는 여행,정은지,2025-05-20,26.644,6424,,,,,
나에게로 떠나는 여행,정은지,2025-05-21,26.034,6450,,,,,
나에게로 떠나는 여행,정은지,2025-05-22,25.204,6137,,,,,
나에게로 떠나는 여행,정은지,2025-05-23,24.284,6201,,,,,
나에게로 떠나는 여행,정은지,2025-05-24,22.6329999999999,6522,,,,,
나에게로 떠나는 여행,정은지,2025-05-25,24.9799999999999,16694,,,,,
나에게로 떠나는 여행,정은지,2025-05-26,22.9869999999999,20131,,,,,
나에게로 떠나는 여행,정은지,2025-05-27,25.92,8823,,,,,
나에게로 떠나는 여행,정은지,2025-05-28,39.606,13478,,,,,
나에게로 떠나는 여행,정은지,2025-05-29,47.437,13479,,,,,
나에게로 떠나는 여행,정은지,2025-05-30,39.777,10765,,,,,
나에게로 떠나는 여행,정은지,2025-05-31,32.296,8451,,,,,
나에게로 떠나는 여행,정은지,2025-06-01,27.604,7988,,,,,
나에게로 떠나는 여행,정은지,2025-06-02,22.6509999999999,5948,,,,,
나에게로 떠나는 여행,정은지,2025-06-03,21.889,5506,,,,,
나에게로 떠나는 여행,정은지,2025-06-04,26.356,6277,,,,,
나에게로 떠나는 여행,정은지,2025-06-05,25.475,6172,,,,,
나에게로 떠나는 여행,정은지,2025-06-06,23.317,5554,,,,,
나에게로 떠나는 여행,정은지,2025-06-07,23.953,5694,,,,,
나에게로 떠나는 여행,정은지,2025-06-08,25.125,5968,,,,,
나에게로 떠나는 여행,정은지,2025-06-09,24.997,6291,,,,,
나에게로 떠나는 여행,정은지,2025-06-10,26.833,6411,,,,,
나에게로 떠나는 여행,정은지,2025-06-11,25.984,6353,,,,,
나에게로 떠나는 여행,정은지,2025-06-12,28.3439999999999,6246,,,,,
나에게로 떠나는 여행,정은지,2025-06-13,25.505,12257,,,,,
나에게로 떠나는 여행,정은지,2025-06-14,28.6219999999999,11888,,,,,
나에게로 떠나는 여행,정은지,2025-06-15,29.13,11369,,,,,
나에게로 떠나는 여행,정은지,2025-06-16,32.236,11116,,,,,
나에게로 떠나는 여행,정은지,2025-06-17,40.792,15974,,,,,
나에게로 떠나는 여행,정은지,2025-06-18,37.949,14500,,,,,
나에게로 떠나는 여행,정은지,2025-06-19,32.915,12342,,,,,
나에게로 떠나는 여행,정은지,2025-06-20,28.17,9999,,,,,
나에게로 떠나는 여행,정은지,2025-06-21,26.618,9856,,,,,
나에게로 떠나는 여행,정은지,2025-06-22,29.805,9410,,,,,
나에게로 떠나는 여행,정은지,2025-06-23,28.472,7646,,,,,
나에게로 떠나는 여행,정은지,2025-06-24,22.367,5968,,,,,
나에게로 떠나는 여행,정은지,2025-06-25,27.912,7018,,,,,
나에게로 떠나는 여행,정은지,2025-06-26,29.729,7160,,,,,
나에게로 떠나는 여행,정은지,2025-06-27,26.806,6822,,,,,
나에게로 떠나는 여행,정은지,2025-06-28,23.604,5857,,,,,
나에게로 떠나는 여행,정은지,2025-06-29,24.606,6093,,,,,
나에게로 떠나는 여행,정은지,2025-06-30,26.7119999999999,6778,,,,,
나에게로 떠나는 여행,정은지,2025-07-01,27.5499999999999,7254,,,,,
나에게로 떠나는 여행,정은지,2025-07-02,29.688,7585,,,,,
나에게로 떠나는 여행,정은지,2025-07-03,31.9869999999999,8463,,,,,
나에게로 떠나는 여행,정은지,2025-07-04,32.911,8393,,,,,
나에게로 떠나는 여행,정은지,2025-07-05,28.957,6832,,,,,
나에게로 떠나는 여행,정은지,2025-07-06,23.945,5741,,,,,
나에게로 떠나는 여행,정은지,2025-07-07,20.2739999999999,4984,,,,,
나에게로 떠나는 여행,정은지,2025-07-08,20.9019999999999,5668,,,,,
나에게로 떠나는 여행,정은지,2025-07-09,26.196,6186,,,,,
나에게로 떠나는 여행,정은지,2025-07-10,23.813,6519,,,,,
나에게로 떠나는 여행,정은지,2025-07-11,21.613,6126,,,,,
나에게로 떠나는 여행,정은지,2025-07-12,17.445,4491,,,,,
나에게로 떠나는 여행,정은지,2025-07-13,16.9139999999999,4551,,,,,
나에게로 떠나는 여행,정은지,2025-07-14,18.9319999999999,5205,,,,,
나에게로 떠나는 여행,정은지,2025-07-15,21.509,5986,,,,,
나에게로 떠나는 여행,정은지,2025-07-16,18.077,4884,,,,,
나에게로 떠나는 여행,정은지,2025-07-17,17.652,5092,,,,,
나에게로 떠나는 여행,정은지,2025-07-18,16.9979999999999,4391,,,,,
나에게로 떠나는 여행,정은지,2025-07-19,15.6159999999999,4297,,,,,
나에게로 떠나는 여행,정은지,2025-07-20,17.1309999999999,5038,,,,,
나에게로 떠나는 여행,정은지,2025-07-21,16.9969999999999,4854,,,,,
나에게로 떠나는 여행,정은지,2025-07-22,17.8989999999999,4973,,,,,
나에게로 떠나는 여행,정은지,2025-07-23,18.1989999999999,4852,,,,,
나에게로 떠나는 여행,정은지,2025-07-24,18.6299999999999,5115,,,,,
나에게로 떠나는 여행,정은지,2025-07-25,18.4669999999999,5034,,,,,
나에게로 떠나는 여행,정은지,2025-07-26,16.8579999999999,4266,수급,여름이었다 그 잡채인 밴드부,26300.0,651.0,4.0
나에게로 떠나는 여행,정은지,2025-07-27,17.387,4386,,,,,
나에게로 떠나는 여행,정은지,2025-07-28,19.4999999999999,4981,,,,,
나에게로 떠나는 여행,정은지,2025-07-29,21.8719999999999,5490,,,,,
나에게로 떠나는 여행,정은지,2025-07-30,23.9409999999999,5802,,,,,
나에게로 떠나는 여행,정은지,2025-07-31,25.289,6489,,,,,
나에게로 떠나는 여행,정은지,2025-08-01,21.016,5359,,,,,
나에게로 떠나는 여행,정은지,2025-08-02,17.8909999999999,4401,,,,,
나에게로 떠나는 여행,정은지,2025-08-03,18.5869999999999,5874,,,,,
나에게로 떠나는 여행,정은지,2025-08-04,20.626,5706,,,,,
나에게로 떠나는 여행,정은지,2025-08-05,20.567,5581,,,,,
나에게로 떠나는 여행,정은지,2025-08-06,21.669,5338,,,,,
나에게로 떠나는 여행,정은지,2025-08-07,22.8989999999999,5676,,,,,
나에게로 떠나는 여행,정은지,2025-08-08,22.8259999999999,5872,,,,,
나에게로 떠나는 여행,정은지,2025-08-09,21.061,5005,,,,,
나에게로 떠나는 여행,정은지,2025-08-10,18.267,4642,,,,,
나에게로 떠나는 여행,정은지,2025-08-11,17.0509999999999,5379,,,,,
나에게로 떠나는 여행,정은지,2025-08-12,17.2789999999999,5872,,,,,
나에게로 떠나는 여행,정은지,2025-08-13,17.3209999999999,5296,오리지널,고3 밴드 보컬이 주는 낭만이 있음,27000.0,372.0,4.0
나에게로 떠나는 여행,정은지,2025-08-14,20.416,5890,,,,,
나에게로 떠나는 여행,정은지,2025-08-15,20.2709999999999,7228,,,,,
나에게로 떠나는 여행,정은지,2025-08-16,19.5769999999999,27679,,,,,
나에게로 떠나는 여행,정은지,2025-08-17,19.6889999999999,14358,,,,,
나에게로 떠나는 여행,정은지,2025-08-18,21.535,10056,,,,,
나에게로 떠나는 여행,정은지,2025-08-19,21.1809999999999,15944,,,,,
나에게로 떠나는 여행,정은지,2025-08-20,23.159,10314,,,,,
나에게로 떠나는 여행,정은지,2025-08-21,25.407,9181,,,,,
나에게로 떠나는 여행,정은지,2025-08-22,45.078,17314,,,,,
나에게로 떠나는 여행,정은지,2025-08-23,21.458,6744,,,,,
나에게로 떠나는 여행,정은지,2025-08-24,38.1799999999999,12350,,,,,
나에게로 떠나는 여행,정은지,2025-08-25,19.415,5836,,,,,
나에게로 떠나는 여행,정은지,2025-08-26,38.5589999999999,11258,,,,,
나에게로 떠나는 여행,정은지,2025-08-27,41.7489999999999,13443,,,,,
나에게로 떠나는 여행,정은지,2025-08-28,42.4319999999999,12401,,,,,
나에게로 떠나는 여행,정은지,2025-08-29,41.4819999999999,13047,,,,,
나에게로 떠나는 여행,정은지,2025-08-30,40.356,23010,,,,,
나에게로 떠나는 여행,정은지,2025-08-31,20.0679999999999,11884,,,,,
나에게로 떠나는 여행,정은지,2025-09-01,22.6869999999999,151268,,,,,
나에게로 떠나는 여행,정은지,2025-09-02,28.295,369013,,,,,
나에게로 떠나는 여행,정은지,2025-09-03,36.9679999999999,531928,,,,,
나에게로 떠나는 여행,정은지,2025-09-04,47.6589999999999,433621,,,,,
나에게로 떠나는 여행,정은지,2025-09-05,56.3099999999999,342123,,,,,
나에게로 떠나는 여행,정은지,2025-09-06,49.7029999999999,232580,,,,,
나에게로 떠나는 여행,정은지,2025-09-07,50.7019999999999,188798,,,,,
나에게로 떠나는 여행,정은지,2025-09-08,50.671,188627,,,,,
나에게로 떠나는 여행,정은지,2025-09-09,50.385,168164,,,,,
나에게로 떠나는 여행,정은지,2025-09-10,42.8219999999999,112214,,,,,
나에게로 떠나는 여행,정은지,2025-09-11,40.268,92355,,,,,
나에게로 떠나는 여행,정은지,2025-09-12,42.4569999999999,78329,,,,,
나에게로 떠나는 여행,정은지,2025-09-13,41.9219999999999,95436,,,,,
나에게로 떠나는 여행,정은지,2025-09-14,46.6939999999999,108224,,,,,
나에게로 떠나는 여행,정은지,2025-09-15,49.12,168568,,,,,
나에게로 떠나는 여행,정은지,2025-09-16,47.0709999999999,164574,,,,,
나에게로 떠나는 여행,정은지,2025-09-17,47.9039999999999,144849,,,,,
나에게로 떠나는 여행,정은지,2025-09-18,49.787,128815,,,,,
나에게로 떠나는 여행,정은지,2025-09-19,42.2199999999999,87848,,,,,
나에게로 떠나는 여행,정은지,2025-09-20,37.164,66932,,,,,
나에게로 떠나는 여행,정은지,2025-09-21,38.6859999999999,60093,,,,,
나에게로 떠나는 여행,정은지,2025-09-22,35.8339999999999,81371,,,,,
나에게로 떠나는 여행,정은지,2025-09-23,38.9449999999999,126309,,,,,
나에게로 떠나는 여행,정은지,2025-09-24,44.2199999999999,175464,,,,,
나에게로 떠나는 여행,정은지,2025-09-25,42.809,134044,,,,,
나에게로 떠나는 여행,정은지,2025-09-26,46.7729999999999,194451,,,,,
나에게로 떠나는 여행,정은지,2025-09-27,43.525,138643,,,,,
나에게로 떠나는 여행,정은지,2025-09-28,40.0549999999999,71048,,,,,
나에게로 떠나는 여행,정은지,2025-09-29,38.404,40632,,,,,
나에게로 떠나는 여행,정은지,2025-09-30,34.926,29837,,,,,
나에게로 떠나는 여행,정은지,2025-10-01,30.75,26704,,,,,
나에게로 떠나는 여행,정은지,2025-10-02,28.796,23049,,,,,
나에게로 떠나는 여행,정은지,2025-10-03,28.296,24582,,,,,
나에게로 떠나는 여행,정은지,2025-10-04,28.644,22083,,,,,
나에게로 떠나는 여행,정은지,2025-10-05,29.343,68957,,,,,
나에게로 떠나는 여행,정은지,2025-10-06,26.529,60168,,,,,
나에게로 떠나는 여행,정은지,2025-10-07,25.776,40852,,,,,
나에게로 떠나는 여행,정은지,2025-10-08,23.768,29313,,,,,
나에게로 떠나는 여행,정은지,2025-10-09,23.881,18543,,,,,
나에게로 떠나는 여행,정은지,2025-10-10,27.1719999999999,37835,,,,,
나에게로 떠나는 여행,정은지,2025-10-11,26.691,32681,,,,,
나에게로 떠나는 여행,정은지,2025-10-12,22.886,25017,,,,,
나에게로 떠나는 여행,정은지,2025-10-13,20.61,22291,,,,,
나에게로 떠나는 여행,정은지,2025-10-14,20.64,16507,,,,,
나에게로 떠나는 여행,정은지,2025-10-15,21.13,14887,,,,,
나에게로 떠나는 여행,정은지,2025-10-16,21.979,26152,,,,,
나에게로 떠나는 여행,정은지,2025-10-17,21.573,18232,,,,,
나에게로 떠나는 여행,정은지,2025-10-18,19.394,22437,,,,,
나에게로 떠나는 여행,정은지,2025-10-19,18.345,12290,,,,,
나에게로 떠나는 여행,정은지,2025-10-20,19.485,13182,,,,,
나에게로 떠나는 여행,정은지,2025-10-21,19.771,12182,,,,,
나에게로 떠나는 여행,정은지,2025-10-22,18.831,14893,,,,,
나에게로 떠나는 여행,정은지,2025-10-23,20.247,18360,,,,,
나에게로 떠나는 여행,정은지,2025-10-24,19.673,18056,,,,,
나에게로 떠나는 여행,정은지,2025-10-25,19.452,9150,,,,,
나에게로 떠나는 여행,정은지,2025-10-26,19.357,7869,,,,,
나에게로 떠나는 여행,정은지,2025-10-27,17.3569999999999,8672,,,,,
나에게로 떠나는 여행,정은지,2025-10-28,16.66,7448,,,,,
나에게로 떠나는 여행,정은지,2025-10-29,17.3949999999999,7878,,,,,
나에게로 떠나는 여행,정은지,2025-10-30,17.3569999999999,5509,,,,,
나에게로 떠나는 여행,정은지,2025-10-31,16.6169999999999,4860,,,,,
나에게로 떠나는 여행,정은지,2025-11-01,15.821,4303,,,,,
나에게로 떠나는 여행,정은지,2025-11-02,15.9869999999999,4450,,,,,
나에게로 떠나는 여행,정은지,2025-11-03,15.4969999999999,4685,,,,,
나에게로 떠나는 여행,정은지,2025-11-04,16.264,5980,,,,,
나에게로 떠나는 여행,정은지,2025-11-05,16.9049999999999,4994,,,,,
나에게로 떠나는 여행,정은지,2025-11-06,15.759,4602,,,,,
나에게로 떠나는 여행,정은지,2025-11-07,15.979,4736,,,,,
나에게로 떠나는 여행,정은지,2025-11-08,14.9419999999999,4185,,,,,
나에게로 떠나는 여행,정은지,2025-11-09,15.6809999999999,6683,,,,,
나에게로 떠나는 여행,정은지,2025-11-10,15.4719999999999,4295,,,,,
나에게로 떠나는 여행,정은지,2025-11-11,15.004,4620,,,,,
나에게로 떠나는 여행,정은지,2025-11-12,14.8989999999999,4803,,,,,
나에게로 떠나는 여행,정은지,2025-11-13,22.219,5398,,,,,
나에게로 떠나는 여행,정은지,2025-11-14,19.537,5494,,,,,
나에게로 떠나는 여행,정은지,2025-11-15,21.616,5454,,,,,
나에게로 떠나는 여행,정은지,2025-11-16,29.2509999999999,6328,,,,,
나에게로 떠나는 여행,정은지,2025-11-17,24.9529999999999,5630,,,,,
나에게로 떠나는 여행,정은지,2025-11-18,24.1,5555,,,,,
나에게로 떠나는 여행,정은지,2025-11-19,47.8499999999999,11869,,,,,
나에게로 떠나는 여행,정은지,2025-11-20,44.548,11552,,,,,
나에게로 떠나는 여행,정은지,2025-11-21,22.581,6112,,,,,
나에게로 떠나는 여행,정은지,2025-11-22,20.092,5261,,,,,
나에게로 떠나는 여행,정은지,2025-11-23,18.805,5070,,,,,
나에게로 떠나는 여행,정은지,2025-11-24,18.992,5678,,,,,
나에게로 떠나는 여행,정은지,2025-11-25,39.065,11966,,,,,
나에게로 떠나는 여행,정은지,2025-11-26,19.615,5510,,,,,
나에게로 떠나는 여행,정은지,2025-11-27,19.2469999999999,5594,,,,,
나에게로 떠나는 여행,정은지,2025-11-28,18.738,5276,,,,,
나에게로 떠나는 여행,정은지,2025-11-29,19.411,4873,,,,,
나에게로 떠나는 여행,정은지,2025-11-30,18.805,5058,,,,,
나에게로 떠나는 여행,정은지,2025-12-01,19.198,5819,,,,,
나에게로 떠나는 여행,정은지,2025-12-02,17.8429999999999,5305,,,,,
나에게로 떠나는 여행,정은지,2025-12-03,16.0889999999999,6113,,,,,
나에게로 떠나는 여행,정은지,2025-12-04,15.32,4330,,,,,
나에게로 떠나는 여행,정은지,2025-12-05,15.997,4586,,,,,
나에게로 떠나는 여행,정은지,2025-12-06,15.616,17983,,,,,
나에게로 떠나는 여행,정은지,2025-12-07,14.581,12884,,,,,
나에게로 떠나는 여행,정은지,2025-12-08,12.6339999999999,4333,,,,,
나에게로 떠나는 여행,정은지,2025-12-09,13.4949999999999,3908,,,,,
나에게로 떠나는 여행,정은지,2025-12-10,14.0199999999999,4168,,,,,
나에게로 떠나는 여행,정은지,2025-12-11,15.381,4464,,,,,
나에게로 떠나는 여행,정은지,2025-12-12,15.0329999999999,4787,,,,,
나에게로 떠나는 여행,정은지,2025-12-13,13.471,3763,,,,,
나에게로 떠나는 여행,정은지,2025-12-14,12.6039999999999,3645,,,,,
나에게로 떠나는 여행,정은지,2025-12-15,12.746,3770,,,,,
나에게로 떠나는 여행,정은지,2025-12-16,12.395,3888,,,,,
나에게로 떠나는 여행,정은지,2025-12-17,12.1679999999999,3732,,,,,
나에게로 떠나는 여행,정은지,2025-12-18,12.2159999999999,3811,,,,,
나에게로 떠나는 여행,정은지,2025-12-19,14.2679999999999,4625,,,,,
나에게로 떠나는 여행,정은지,2025-12-20,13.9459999999999,4655,,,,,
나에게로 떠나는 여행,정은지,2025-12-21,12.5139999999999,3767,,,,,
나에게로 떠나는 여행,정은지,2025-12-22,12.2529999999999,3754,,,,,
나에게로 떠나는 여행,정은지,2025-12-23,12.649,3740,,,,,
나에게로 떠나는 여행,정은지,2025-12-24,12.874,3484,,,,,
나에게로 떠나는 여행,정은지,2025-12-25,12.5659999999999,3358,,,,,
나에게로 떠나는 여행,정은지,2025-12-26,13.1119999999999,3680,,,,,
나에게로 떠나는 여행,정은지,2025-12-27,12.9369999999999,3416,,,,,
나에게로 떠나는 여행,정은지,2025-12-28,12.09,3284,,,,,
나에게로 떠나는 여행,정은지,2025-12-29,13.1119999999999,3605,,,,,
나에게로 떠나는 여행,정은지,2025-12-30,13.5379999999999,4076,,,,,
나에게로 떠나는 여행,정은지,2025-12-31,14.6889999999999,4904,,,,,
나에게로 떠나는 여행,정은지,2026-01-01,13.7019999999999,4150,,,,,
나에게로 떠나는 여행,정은지,2026-01-02,14.0459999999999,4183,,,,,
나에게로 떠나는 여행,정은지,2026-01-03,13.367,3827,,,,,
나에게로 떠나는 여행,정은지,2026-01-04,22.074,6130,,,,,
나에게로 떠나는 여행,정은지,2026-01-05,22.842,6317,,,,,
나에게로 떠나는 여행,정은지,2026-01-06,22.869,6142,,,,,
나에게로 떠나는 여행,정은지,2026-01-07,22.487,5995,,,,,
나에게로 떠나는 여행,정은지,2026-01-08,22.919,6869,,,,,
나에게로 떠나는 여행,정은지,2026-01-09,23.682,7021,,,,,
나에게로 떠나는 여행,정은지,2026-01-10,22.252,5959,,,,,
나에게로 떠나는 여행,정은지,2026-01-11,23.614,6398,,,,,
나에게로 떠나는 여행,정은지,2026-01-12,22.533,6455,,,,,
나에게로 떠나는 여행,정은지,2026-01-13,22.801,6847,,,,,
나에게로 떠나는 여행,정은지,2026-01-14,22.562,7019,,,,,
나에게로 떠나는 여행,정은지,2026-01-15,23.745,8202,,,,,
나에게로 떠나는 여행,정은지,2026-01-16,25.217,9443,,,,,
나에게로 떠나는 여행,정은지,2026-01-17,23.941,7850,,,,,
나에게로 떠나는 여행,정은지,2026-01-18,23.042,7425,,,,,
나에게로 떠나는 여행,정은지,2026-01-19,23.9009999999999,8882,,,,,
나에게로 떠나는 여행,정은지,2026-01-20,24.306,8939,,,,,
나에게로 떠나는 여행,정은지,2026-01-21,25.631,8998,,,,,
나에게로 떠나는 여행,정은지,2026-01-22,26.886,9311,,,,,
나에게로 떠나는 여행,정은지,2026-01-23,27.625,8741,,,,,
나에게로 떠나는 여행,정은지,2026-01-24,29.653,7407,,,,,
나에게로 떠나는 여행,정은지,2026-01-25,28.029,7152,,,,,
나에게로 떠나는 여행,정은지,2026-01-26,30.117,7972,,,,,
나에게로 떠나는 여행,정은지,2026-01-27,29.862,8196,,,,,
나에게로 떠나는 여행,정은지,2026-01-28,30.239,7876,,,,,
나에게로 떠나는 여행,정은지,2026-01-29,27.109,7006,,,,,
나에게로 떠나는 여행,정은지,2026-01-30,28.782,7763,,,,,
나에게로 떠나는 여행,정은지,2026-01-31,28.603,6722,,,,,
나에게로 떠나는 여행,정은지,2026-02-01,30.805,6785,,,,,
나에게로 떠나는 여행,정은지,2026-02-02,31.097,7234,,,,,
나에게로 떠나는 여행,정은지,2026-02-03,32.521,7420,,,,,
나에게로 떠나는 여행,정은지,2026-02-04,32.007,7460,,,,,
나에게로 떠나는 여행,정은지,2026-02-05,31.742,8281,,,,,
나에게로 떠나는 여행,정은지,2026-02-07,28.592,6073,,,,,
나에게로 떠나는 여행,정은지,2026-02-08,29.89,6890,,,,,
나에게로 떠나는 여행,정은지,2026-02-09,30.8219999999999,7416,,,,,
나에게로 떠나는 여행,정은지,2026-02-10,30.157,6970,,,,,
나에게로 떠나는 여행,정은지,2026-02-11,32.198,7846,,,,,
나에게로 떠나는 여행,정은지,2026-02-12,31.142,7815,,,,,
나에게로 떠나는 여행,정은지,2026-02-13,31.174,7518,,,,,
나에게로 떠나는 여행,정은지,2026-02-15,36.5899999999999,7527,,,,,
나에게로 떠나는 여행,정은지,2026-02-16,38.9509999999999,7928,,,,,
나에게로 떠나는 여행,정은지,2026-02-17,38.5459999999999,7299,,,,,
나에게로 떠나는 여행,정은지,2026-02-18,34.3809999999999,7133,,,,,
나에게로 떠나는 여행,정은지,2026-02-19,35.4099999999999,7802,,,,,
나에게로 떠나는 여행,정은지,2026-02-20,36.3889999999999,8124,,,,,
나에게로 떠나는 여행,정은지,2026-02-21,35.513,7127,,,,,
나에게로 떠나는 여행,정은지,2026-02-22,36.1049999999999,7332,,,,,
나에게로 떠나는 여행,정은지,2026-02-23,38.6199999999999,8237,,,,,
나에게로 떠나는 여행,정은지,2026-02-24,38.3629999999999,10112,,,,,
나에게로 떠나는 여행,정은지,2026-02-25,40.5939999999999,9345,,,,,
나에게로 떠나는 여행,정은지,2026-02-26,46.377,10333,,,,,
나에게로 떠나는 여행,정은지,2026-02-27,49.0529999999999,10816,,,,,
나에게로 떠나는 여행,정은지,2026-02-28,51.5259999999999,9494,,,,,
나에게로 떠나는 여행,정은지,2026-03-01,39.821,8251,,,,,
나에게로 떠나는 여행,정은지,2026-03-02,37.7199999999999,8151,,,,,
나에게로 떠나는 여행,정은지,2026-03-03,41.3689999999999,9298,,,,,
나에게로 떠나는 여행,정은지,2026-03-04,38.4919999999999,8946,,,,,
나에게로 떠나는 여행,정은지,2026-03-05,39.786,8940,,,,,
나에게로 떠나는 여행,정은지,2026-03-06,34.451,8330,,,,,
나에게로 떠나는 여행,정은지,2026-03-07,30.852,6463,,,,,
나에게로 떠나는 여행,정은지,2026-03-08,31.677,6725,,,,,
나에게로 떠나는 여행,정은지,2026-03-10,42.608,9933,,,,,
나에게로 떠나는 여행,정은지,2026-03-11,41.583,9746,,,,,
나에게로 떠나는 여행,정은지,2026-03-12,38.296,9297,,,,,
나에게로 떠나는 여행,정은지,2026-03-13,39.7629999999999,10013,,,,,
나에게로 떠나는 여행,정은지,2026-03-14,39.566,9015,,,,,
나에게로 떠나는 여행,정은지,2026-03-17,37.8989999999999,9469,,,,,
나에게로 떠나는 여행,정은지,2026-03-18,34.174,8570,,,,,
나에게로 떠나는 여행,정은지,2026-03-19,34.9469999999999,8565,,,,,
나에게로 떠나는 여행,정은지,2026-03-20,33.581,8629,,,,,
나에게로 떠나는 여행,정은지,2026-03-21,,7611,,,,,
나에게로 떠나는 여행,정은지,2026-03-22,32.077,7374,,,,,
